id,Name
0,jndltava
1,boxxdyda
2,zlcgihlw
3,ohxhzlmu
4,msbstbyv
5,zkiwstza
6,rkwmvwco
7,unumfodh
8,bsnolxao
10,pnyjokbh
11,ttqtrkip
12,qcwiaaif
13,cagrwker
14,uwinnkja
15,xjukhhmx
16,rbvjxisv
17,lhtnotan
18,ewcmgarr
19,syaqcnmm
20,rghabblg
21,dnwwsohe
22,irauiqqs
23,uvknmgpn
24,jamwhuuz
25,brbxqrdk
27,ctdpumdv
28,ohnxjkox
29,fbvitzfi
30,dpnscksn
31,bebpdect
32,oaxcbrzr
33,enhpcsbc
34,bxuyisdf
35,thdernhh
36,vgvgfmde
37,bmylrwzc
38,xxcrqxsh
39,tcdwziqt
40,pjeaugvp
41,xfleiqzl
42,hdpsvrfi
43,gyydnuqr
44,ixycwmed
45,tfmzutjb
46,lhftbmvz
47,hruhcize
48,jyrgjqfb
49,uypnctdr
50,tiacpzsf
51,itpmjnzi
52,oyjualcy
53,yivmykqa
54,gvwlfmbg
55,itgwkejb
56,rqjuuexb
57,dausocmo
58,kpsjpyvl
59,ijzyganu
60,ywfbizaq
61,bpgacsyy
62,mfszgkyh
63,ceneebrj
64,lfsbefby
65,gsujxkum
66,ccfbnqmr
67,pmwirili
68,khrzvfhn
70,rnqmpjho
71,gsdgewed
72,uftfdkrn
73,apdudzwt
74,xplovvup
75,pdoyjujd
77,kkweoyim
78,icftfpna
79,kbcvzycm
80,laohedal
81,eoutehud
82,wfquvykr
83,surdfpaw
84,kotsumcg
85,zvgstnrb
88,qnwbyipo
89,jbmzwvkq
90,pdqcdzhx
91,ihzcuuet
93,ojsmxlfr
94,zxihmlbo
95,lugcvrzf
97,pueibvjb
98,tofxlqpt
99,riegnbqt
101,zqwxsmvg
102,xauyrptk
103,vrgpghhu
104,urxlrpbi
105,fapewiyv
106,arhvwgqh
107,zvvweigj
108,tkiheuma
110,ohzfrxjv
111,nypsgyjl
112,nvavwulq
113,sdniperh
117,bzlcgctb
118,wupbucgm
119,bbdddchq
120,zvofffji
121,jgikhbmg
122,mczvjhdg
123,qrnamgmm
124,aksyxfhm
125,jzucyewa
126,raaojcwf
127,tgmrgovf
128,vhydkbiq
129,raczfbja
130,cnxjohkv
131,miiiodca
133,mdxudabg
134,dufjvnjy
135,jtkpqyeq
136,uunizoth
137,tezcuqmt
138,vqamvleh
139,vifijbhg
141,zaxwpfxx
143,njjmsmeu
145,mtxfnelr
146,yzphxjpm
147,hqluvjit
148,hitecmdh
149,btcyccyq
150,gzlzppbs
152,vudukljr
153,pckjgwjp
154,bapuwmnz
155,lgqgwrui
156,mwzjlbwl
157,qcedflhg
158,gacvzshv
160,dfkawvod
162,hncbqrzy
163,ikialnxq
164,yoksuzzb
165,lgobbuux
166,vaphonxw
167,bnjwooia
169,azyvxlyt
171,fvrfyfrn
172,fprdikvi
173,lzrashvp
174,dxcwppsb
177,bgdtnnpk
178,rhglevqu
179,vqprfsjo
181,bczdhgsq
182,zrvjhtjx
183,wjaxhrri
184,efytnbtc
185,zgpxumyh
186,rdxsxawx
187,mlqccaah
188,gzfybcnw
189,rgxtzgqr
190,gaknwshf
191,zndbtupx
192,egbvgmhn
193,bjuvihij
194,zkjrxmdy
195,pznnmhrh
196,clajubam
197,aurtecgp
198,pzmckcsw
199,dzcioznu
201,yaijkvpe
202,fvulyhae
204,vxneqkuo
205,uthlgprn
207,grgmnxrk
208,kbejfaep
209,blsalcah
210,jsjarjtq
211,lmhmolag
214,ecfjwaud
215,lqqpwpxx
216,uppjikro
217,tpekfdrc
218,xsclawzl
219,sntiwlwp
220,ezllsunf
221,uzflcell
222,pplibcyb
223,zbqudvci
224,vqhzlmur
225,qowbemkj
226,gdzenyqw
227,amdyxepd
228,ilppslqn
229,sdbcbbvw
230,tonehblu
231,wouykwna
232,opksezsg
233,fwbwliij
235,mcmjvxjw
237,ruvvozoi
238,fifovgey
239,zttmdblq
240,lyyzryjk
241,jiyedxzl
243,wmoavbjd
244,bmsphdkz
245,actiyybx
246,mumkxove
247,whafxzkv
248,yeeplxes
249,grgguczy
250,yrsxjmvv
251,xjzjkvct
252,cnxihivv
253,juqsvtff
254,btmmbgaf
255,tquormou
257,fisnalru
258,mvkxkfcr
259,fwjjgrlt
260,lnyeetka
262,nesjcnxp
263,hxfcbyjn
264,ywvzgjgc
265,uhwkjdtk
266,czshunca
267,ibbuhffi
268,lkjvluho
269,iuqehine
270,ymyqluyy
272,nathuhyy
273,uzgabnnp
274,awnauayf
275,eprgmbaz
276,xfnpohid
277,lnllayyq
278,kirsakfs
280,epprutne
281,lpgkxrrc
282,ydlufpsc
283,wsxgzcdg
284,xzvvtuxj
285,gryzwbxe
286,pvbbrogi
287,ufbyljfx
288,scavvrov
289,gafoggjo
290,ywemflli
291,yalkccck
292,ekmjipsy
293,zzbparhp
294,cqknvgjj
296,kjinbfxy
297,icaxypve
298,bgxtchoc
299,nwndpyye
300,fhqlyieu
301,xofpvmhg
302,gfiwiktb
303,kyweyksq
304,avejhzfr
306,vynxgidy
307,bklmyhed
308,nhzvfgmd
310,mxaveczm
311,mpbvestr
313,pujpmmqg
314,ywurogkd
315,viujwqjn
316,zdwhdvsl
319,wqsczcub
320,kbtaajzz
321,unqapulu
322,xmhapnrm
323,qtaookyq
324,rhuzfkxb
325,efjpamfi
326,retkoakf
327,lwocpoxn
328,yolyubdd
329,rqhbrxxx
330,ccynuyny
331,rtodtpgu
332,xichbnxr
333,wjicpmhe
334,nsoylkoo
335,jahfgheu
336,kwqzyvoo
338,pgflwsdu
339,bkpisgwo
340,zmfohkbr
341,aqfwetwp
342,gfcyiwro
343,dsvddsaz
344,ycqqbszu
345,fdewsinl
346,ikiwbnis
347,aspjdjqw
348,sjxhcoxz
349,vxmjwncz
350,itmcrivz
351,jeulhamd
352,yuxmvztc
353,vkfkhmwj
354,prixmvao
356,isissmyr
357,mrmjmqdm
358,dxyxjsog
359,ztglysmc
360,royfybmp
361,cdllmhar
362,dpvuvwit
363,zhurxhok
365,zzcnlrwf
366,nrtjrgqx
367,dbafkqta
368,oojmqxec
370,dwapvvhj
371,wxclxaye
372,qsnxbndw
373,rocllvij
374,subqcsbv
375,rubfwtul
376,vemtsmao
377,jvzzvesg
378,vgwwitcl
380,npncszsf
381,eawbqsjj
382,vpojktix
383,ecdwsivk
385,mqlmqkuh
386,wwfgvdxn
387,pkuyhdbf
388,zjbiqswo
389,zvxuxmdl
390,bjmxsoip
391,kezeupai
392,awfxhdiw
393,hxngrknz
394,bzfewpai
395,sdjahzmp
398,kvwvziot
399,hksrxlxq
400,cvzlafrl
401,unvfdobq
402,teaohszr
403,wfmgyvxj
404,eqqznojh
405,jdgvdzpy
406,mtvnbyfy
407,qqsnnwit
408,ckzqkxes
409,trddwhcy
410,divgvley
411,bbkuzlsu
413,xgopwxnn
414,omrrmfjg
417,kjbvnyxi
418,zoffhmby
421,vluoqbpj
422,mseehytv
423,nevefkim
425,nqsspkjs
426,nixcntiq
427,rzwxyifj
428,yccmmpwq
429,yencdwtw
430,wbbupkow
431,jevfoghy
432,qcmvmnwz
433,pamazshp
435,ugygjlcf
436,nmcnhafh
437,vjjenleq
438,dwlmqfjq
439,yyoztkbq
440,nydpbnnk
441,qnovudjr
442,ffsibzrg
443,nqernwhh
444,obasapti
445,lkivflay
446,rakextcx
447,lupovfut
450,elyrngir
451,brifagfi
452,cnsazddb
453,cbvolium
454,hmimioev
455,ijayjfrm
456,dytpzxdm
457,ervbaqec
458,igeoabkq
459,jiwktrby
461,wxdnwnlb
462,nbdsfzft
463,wduyyywy
464,itcfkycc
466,kytuippq
467,dbypcgzh
468,mnbdljqw
469,edhsbyxa
470,qewbakva
471,aophiehy
472,ckfqrpyt
473,jyhaldmg
474,mkblqyoy
475,pgjzxktp
476,dekwufrf
477,qyklvgmx
478,eodeatjt
479,lfuxjrzq
480,vrpewdfx
481,uhkloxmi
483,bonhovng
484,pmqqyghu
485,mqgtojql
486,jvwdodxv
487,uhwjjajp
489,kdatsvyt
490,atiqgeit
491,aacpflwe
493,kptfbhqh
494,ixxycnrl
495,tismitub
496,jwzfqpjm
497,hduqrzzn
498,cfaqjjaf
499,llxnybzl
500,rmrqvjqr
501,rnfzeery
502,gbdemxfu
504,smujgzcu
505,whcogpdl
506,qgvdehbh
507,whlajdah
508,ycfwgdck
509,conojtow
510,llfzmlfs
511,gjxeonya
512,ejbvnqui
514,hqghujdu
516,usbxhizp
517,wpwvbfqj
518,xnoyprce
519,xtivvywd
521,dpvkolng
522,zburfbbj
523,zflgjvhm
524,pfeynavr
525,zipxpxkt
526,wuxquqhg
527,ujbawoud
528,gktsteuz
529,ypvxtsro
530,qsyvoxzw
531,mfsqjjru
532,avbzmucv
533,eqfulpjt
534,ongtqwvw
535,miwjoyhb
536,tfdtcuau
537,tpeijysf
538,mkcuzftr
539,qcobfoao
540,ypgshknz
541,szptkllq
542,yzdygkhi
543,jymwmasq
545,enxnegpg
546,ogsihyek
547,naiexzrh
548,faokytqq
549,cmycipvh
550,bxnrqjjv
551,pdgbukkq
552,wivbcnvr
553,mpgjgjdm
554,eyacxxpg
555,ugogwmht
557,pfgqwbej
558,sldekbre
559,yyzpokmr
560,knuaoemk
561,sxnvqwbf
562,cnwzelok
563,mjqmyvuq
564,gxejzypf
565,bdkqgauq
566,sixjcafq
567,hdruakvz
568,doebfiit
569,dkcnjmef
570,ypbuyhaw
571,sbwxttiy
572,sijfnayc
573,xluboebp
575,dyelyuwr
576,kvycbfnn
577,rmcfktni
578,umhhyscm
579,dadnqfbc
581,qpfxhybx
583,ydtkwtnp
584,rsgoofrj
585,vbwuoqja
586,dwtgfhsw
587,zqvyybgw
588,bxjgssjg
589,asrqczei
590,pfymqosq
591,ucjitftn
592,ykxyfdqg
593,cpkmdgzb
594,mtstfklr
595,ieaquhgi
596,wftjrqzm
597,hjyackvv
598,xzkaouup
599,dsiszjyr
600,wurbmbds
601,owlivheo
602,wstkeyvc
603,bfeizxxj
604,xbbtmmzf
605,oufcyiqa
607,earxoxyo
608,tudmzfuj
610,qxshmjfw
611,dwzdnwwd
612,ilkrifeb
613,otrcfbln
614,skavwqgj
615,ktekddkz
616,tbpniqot
617,znhhxfxb
618,azuobrlg
619,ajxggbab
620,cxuqtimy
622,aahckisv
625,jjpyfsts
626,qufnqrgv
627,odbxhixt
628,fyqogkuz
629,xkxbaicf
630,tqfivesr
631,dczubrmf
632,uepokdfo
633,vnetodbp
634,jbybpxkl
635,dxagptut
636,lucoatxf
637,xwtpwuuy
638,uaabsaqe
639,dmyodnos
640,vciwuwxm
641,bsdepczh
642,loryloej
643,herakcxw
644,fnwxdbbx
645,rzbqfdee
646,nksfbynd
647,kpqfmcbn
648,fpaqoeei
649,mbyzfbve
650,nulgwugu
651,yuvwskwn
652,qdhxzoom
653,elqzqnom
654,taujemyu
655,ysidulrv
656,nvawjzsa
657,dljoyzqa
658,sxigzueh
659,rbdwcgxv
660,erfcejkh
661,bnrkyude
662,atsnzyyv
663,bdqcxxbs
664,qtrhcelh
665,jpdxktoi
666,ctdpshkr
667,fffsotjs
668,qsguqhve
669,jqnyglky
670,xxhwfvec
671,ftcenhjf
672,ynvfuqop
673,fjwjvcwv
674,nexfrtvc
675,mpgmvpoe
676,qzfqqscp
677,hwgrsmlq
678,adseyyrf
679,lspuzwla
680,jnahnudq
681,mdtrpbab
683,ewcphskm
684,kjvcmcmh
685,vvgsirjq
686,iveougtr
687,idsqibwy
688,ckzijrtu
689,mmfqbhmf
690,bsbstwtq
691,psgbhdqd
693,qmpemovo
694,jyzdpcyt
695,kqgdetno
696,bjnqkwyu
697,eechgbvg
698,fbiukbda
699,rhniuyhr
701,ujacrxux
702,hcppnpoz
704,bridbfmv
705,imewgujy
706,jlrzbasa
707,kisrtukb
708,mntmkqzb
709,zzutmeci
710,qwrsqege
711,sttgikoi
712,biocngcn
713,qjpmgzqn
714,vjsavgzm
715,xtwzmgks
716,gmngdgjz
717,vfrqarac
718,eltuouid
719,xwingqvl
720,zuvvjlxs
721,rglobhpr
722,sgpujajc
723,oyghofpr
724,ekvfsvep
725,nszvlzba
728,owvjtnxi
729,kvrtpwtj
730,axqkxkuo
731,ciupoztf
732,devxiezx
734,gnkoizpj
735,eynkzyhk
736,qrsvwphv
737,anqylsaa
738,bdvqffzz
739,wavakyzl
740,okyevnfs
741,ljbbwbsa
742,kuxonxdk
743,khysjocl
744,vlzlnozc
745,cwswyrrn
746,xhfuyhzx
748,rmhuirpn
749,kpwbfuyr
751,mcikmgxf
752,krqikcqf
753,lhnzsjjk
754,vthtegxf
755,kffsyhxs
756,lduarigq
757,jgnajjqt
758,eylfqwax
759,qeqhspow
760,aehktyed
762,yodhpoqr
763,oqvxcfpb
764,obgbizqc
765,dwhnxjgv
766,idrmrknk
767,lukeyytz
768,wvxrjucg
769,fcahdzlw
770,bzllyagv
771,wbtcrhci
772,yldrmnig
773,perdawmu
774,gnkkmgfg
776,mwpyihss
778,mylfgnhm
779,yvcjdbsu
780,siqecotd
781,gegyozix
783,aleuqnrp
784,nlrtntyq
785,smxlqruj
786,ptrgevft
787,ilmwyusr
788,jhxtsmwq
789,yxsutvih
790,lsxpundd
791,xebzncgb
792,lnervfgm
793,gcaaaqqc
794,zfzkxrgo
795,dlchrdxm
796,qecwgnze
797,evyrrwek
798,zttofwce
799,usshqgtf
800,dutftrky
801,jvpgkwzi
802,pioudlvl
803,xwnzgvsp
804,laoqrcmf
806,bybymoic
807,wnqeolji
808,yjftvzaq
809,tfrawafy
810,arguemjm
811,vptaxpfc
812,bhhigrho
813,tenqromc
814,iyumgqdj
815,bifdwkxh
816,svmfosvq
817,mrfxspcg
818,fouzqbik
819,bzpamlxp
820,ztimyelz
821,whqegzxp
822,aihwguwd
823,qzzyezxu
824,ftcmqycx
826,jodulfwk
828,egsfzmrz
829,auuvcawy
830,uencizcj
831,nzgylwun
832,cbejfgpc
833,iyqqnwla
834,cjnmjkni
835,uzzifnrq
836,gzweleci
837,tllwnwox
840,dyaarown
841,sjimovkj
842,ruvzeqzt
843,nyddawnm
844,aecnbgcc
845,ghxcwogy
846,pwadmjoq
847,tpxddhux
848,geseoxzx
849,fortwnwi
850,wcsdymbv
851,ejwbwhjp
852,uazfavqp
853,vucrrsfr
854,yzxfhycs
855,qhsmalgh
856,paslhwbj
857,xxdveafe
858,wovqrawt
859,hsfsjpmp
860,duemvqdt
861,yridaobg
862,mbzwslyb
863,johkongf
864,klnknrgc
865,txvjwcuv
866,wfklikwo
867,izjdtbcm
868,yampqlkf
869,jtzsmjkm
870,gvvuvglh
871,yvnogwse
872,gzzgxxln
873,waktdyyl
874,etwowuso
875,hrjahtbl
876,tsrvbhce
877,nxrsyyxl
878,lhgejvmo
879,glxymwjx
880,wdawxdky
881,vzrlcnnh
882,wlpdsnsj
883,zzvpnlws
884,cltdqnxp
885,nwpqhnzy
886,fidspgpu
887,sqmtveop
888,btqhbghv
889,rrsefnio
890,tubdfkiz
891,cytbwzca
892,bcmamltg
893,hjdsukct
894,eikzschl
895,muzwqdxw
896,gquwrues
897,ephvayzl
899,vhnaxxry
900,wgeyotcs
901,uaffrmqd
902,rlnelclf
903,npneagoi
904,rfwxvghd
906,xeyqbzcq
907,sblbpolo
908,qxeecsvu
909,qpvujeoi
910,jjspjzir
911,tjklnman
912,spuupllr
913,aeorlllf
914,ghvpgyvg
915,vvzpaica
916,tdbsxcyr
917,wcdheaha
918,cuqlzmgd
919,oedimphp
920,uyfaxxzh
921,omhbcllr
922,ojvjeeuf
923,cfdrfopr
924,rytzioyi
925,afstpeby
926,grewskjl
927,hraicxqb
928,sbgbebcz
930,pmrlxyww
931,ligziivl
932,yrqcrtlj
933,gyobubvq
934,bowqkzlq
935,mopckgrb
936,zpqriezc
937,vxywvyki
938,yhxdoutc
939,wbrqsbwn
940,tkskrxav
941,pweslxwj
943,laxdzspi
944,ctswutnq
945,ohzplvit
946,vzuriulp
948,pkoyohnx
949,lpwloaqx
950,rpzmmbvt
951,zzkkhtrk
954,tkubwccn
955,nnllhsbv
956,yzqflsxt
957,whwzocnl
958,vancbghx
959,pntvbqft
960,daqfwxzr
962,uhwvczso
963,hmkgckqz
964,iomfxwcv
965,csrijytl
966,zjthzhww
967,eiliwpia
968,sneflbwf
969,qoymxbyy
970,ijpzbucv
971,fdwuabqo
972,oeskddqr
973,huyfkqca
974,zkrnwqjw
975,amqzwvtl
976,vrgiprdc
978,ouurdkee
979,nehhzmth
981,brdqtttz
982,iajclefw
984,ujtwjyqo
985,qfcvevha
986,drtncozo
988,lukmjvzm
989,vmqddzez
990,sjjfxvox
991,ravaxzoy
992,xvhoppwq
993,mggmgrfe
994,dsdiflqz
995,nraxzztr
996,eroygwag
997,xfohftcv
998,xzkswdvc
999,bcpdrbwk
1000,kalygwyp
1001,xbtxeeim
1002,cbelpjap
1003,jgfiyjxw
1004,auwmlnrf
1005,bldedwsh
1006,wxdrkdpf
1007,gfgtpjey
1008,dzhysfhi
1009,ryqpdsbp
1010,lnodtewd
1011,srvuyyac
1012,rqvurhaf
1013,uhrteeby
1014,ledrdgni
1015,kxsmmghv
1016,heicrflm
1017,izmacsir
1018,ykroisjg
1020,ouxfulue
1021,ocbjncoo
1023,mcjvkzrd
1024,aqbspebe
1025,madrmwvp
1027,iqmnipuf
1028,pczpepxt
1029,vkvnwkia
1030,kypxhzoj
1031,eunaoeei
1032,ywfdbffc
1033,vbianvlf
1034,eozmzlqy
1035,lcphoqtm
1036,erctoyje
1037,yupmwrht
1038,oydbcqdn
1039,pigmegwx
1040,anazrqol
1042,ieklhuke
1043,cnqjtsed
1044,mvfvwmph
1045,wwicoavu
1046,waauqcrd
1047,aijcacak
1048,xmeisooz
1049,pjptzxom
1050,bvrmgtxp
1051,dryszfxh
1052,slknckbh
1054,eohnnhyy
1055,shueatrm
1056,yauzenpy
1059,xivogdcu
1060,mtdqikwg
1063,gczxdalq
1064,sjvlnecl
1065,cclscwpe
1066,vxiyhiwn
1068,hcsmvata
1069,reooufmw
1070,xhollbcu
1071,mikupwrr
1072,vqcwboiu
1073,gwkvcuvy
1075,gocflecu
1077,brgeakkf
1078,rowbclbn
1079,theibfbp
1080,gwfaodrp
1081,mlaldtwz
1082,pxehrrzi
1083,ujqeckjj
1084,egtgbsjh
1085,vvegmezq
1086,dbyxmzhr
1087,mpxfduhi
1088,csudtjbv
1089,jgnburej
1090,jnasvsdr
1091,aytliukx
1092,mkqdjdry
1093,zaydaaew
1094,eepavrau
1095,euutlvpg
1096,mmuaqkwq
1097,ocswvrwi
1098,cckaeemc
1099,bjltxayf
1101,hsfrpuof
1102,ymlqvhnw
1103,shbpdnqd
1104,sxunudxj
1105,hhttpxfb
1107,ldwxdrhy
1109,fbkjkgbm
1111,lmrvrqmi
1112,zqposcsr
1113,hsxohcdx
1114,cwgkqgfi
1115,yogntvzl
1116,cmrhrztf
1117,ixpgowzz
1118,gqmzqjkx
1119,tsgxzpqp
1120,dculagbg
1121,zbfcpxbl
1123,flbjfuhr
1125,wwphnqyb
1127,xexfqxqc
1128,jtcuzopb
1130,cwvnwlhh
1131,ervgfhem
1132,uxqhwrae
1133,raoqapld
1134,lcotccst
1135,qoutryuu
1136,fflwtyiu
1137,xnruaiaz
1138,oarrvloz
1139,rxsyiziq
1142,fxlmzfka
1143,smsfdiyh
1144,zezzhkge
1145,thofjico
1146,ebgpqjxo
1147,fcwyvhlu
1148,grjbqlyz
1149,hfninkee
1150,bdlrcumo
1151,uauizkxx
1152,qwaaiema
1153,pwqlpjmc
1154,wgswyzhy
1155,fuwvmbqb
1156,hrnskqut
1157,ahnpufft
1159,pmyqfhru
1160,aktcginb
1161,etpnhpjp
1162,oiawnysm
1164,ijxkhkds
1165,whontnkb
1166,jmsalnng
1167,fgphxbqn
1170,efwylzmh
1171,yktbaqka
1172,oatsrhfb
1173,uouvgqpv
1174,tiznosve
1175,nraqcsxy
1176,vbdfphey
1177,ezbmuxuj
1178,hwwfsvfc
1179,snjtiscc
1181,erfkhbqu
1182,igaymzok
1183,yxsajxyn
1184,ovaiqbxn
1185,ymgmfspu
1186,fjytipkp
1187,ueershlf
1189,qeqotzon
1190,wongjnvx
1191,exynuiut
1192,rcuurmkc
1193,mtlknrfd
1194,nsfebjma
1195,tjgtasxd
1196,cklexiwt
1197,crrnqzit
1198,nqoqmlhu
1199,wcmpdgxi
1200,whupihdx
1201,vakqsxrl
1202,gtyjtrjf
1203,drzuctvr
1204,ulrlrjom
1205,txpaexlz
1206,rbyafxwj
1207,pfyqxueu
1208,klqshjlj
1209,zcvrtlvd
1210,ghqzmbmh
1212,ewluzoji
1213,yzcprgme
1214,zwgcabxm
1215,ldejvewe
1217,cnkwagmu
1218,avcdiwts
1219,rbknxfcw
1220,zqkzvbsh
1221,mgforjjg
1223,vxurdsgq
1224,wlvgsioh
1225,iiploqpw
1226,enlymrqj
1227,hvyrqdpm
1228,uptvlvtj
1229,lewpfnhs
1230,vuzaumsu
1231,uyjdcjjp
1233,irbwzupp
1234,aluyjwpk
1235,oblpbjwm
1236,eoipysie
1237,vjwpyodi
1239,njvwpkul
1240,eqjuymbz
1241,izdwyewk
1242,cdmyqucf
1243,xiyzdprt
1244,vyzbscof
1245,gnagzphq
1246,prvtrekc
1247,puutljdl
1248,qqawfnhy
1249,cttovbjd
1250,coanpinv
1251,jgxxtsde
1252,ooqnayop
1253,yxrsrqbu
1254,qhnxrcdm
1255,jgrnrhbw
1256,uxmutujc
1257,tsnpxbhl
1258,arkmerkx
1259,hhyurhou
1260,rfmhltnb
1261,cerwylmq
1262,uyipqdeb
1263,ptcbuetz
1264,wbsggcip
1266,wvaywomg
1267,pwppilth
1269,ibzpdkiq
1271,tzdyqoos
1272,hjetxhnf
1273,zmrihoor
1274,udwfenlu
1275,uwnctyem
1276,ipapyetk
1277,tlvqkmra
1278,fcxlfrqn
1279,ktjdispy
1280,wsolzmzt
1281,qdoipchu
1282,wcdqegwx
1283,evpwfimn
1284,ktsdxuqf
1285,bnsxrgpm
1286,vbxkhnaw
1287,zmbeysvv
1289,izqdfcaw
1290,lijraixz
1291,jgraouvl
1293,avbeuxeb
1294,tiagwahj
1295,glkfvjhc
1296,tcjkhcmn
1297,ycdpjqwq
1299,qlyyghwr
1300,cvigztvv
1301,pzfifuzm
1302,hsoqdcfa
1303,yjxbchhl
1304,hlxwcmaa
1305,ajkplnrs
1306,ffdbkcqk
1307,avphmluj
1308,kztxjaqo
1309,rpezobvb
1310,exbqoaya
1311,urqaeyyk
1312,uwgtmpuz
1313,fhfybtzi
1314,gnqmavsg
1315,pzguqmqr
1316,lxdfifws
1317,umvixovk
1318,xqoytofi
1319,wnavthma
1320,kbumeakh
1321,onqnbfeo
1322,mkffuvmi
1323,zmfqzttj
1324,ogvdesqt
1325,qnpdepiq
1326,lkiqltlj
1327,yemjoars
1328,tsqtqdil
1329,qgncvzxk
1330,gquxdpxk
1331,jgqqaakd
1332,yvqatqyx
1334,whskzcmw
1335,dubkuuls
1337,hbaayilu
1338,cqazfpdd
1339,jrsstsrb
1340,oxeycltn
1341,zewohsng
1342,hgphljbb
1343,eslrsluk
1344,agqfasxx
1346,yyfjfslu
1347,xvominsk
1348,piltbhtt
1350,kdaxknmu
1351,hdfwquwz
1353,mmoianrt
1354,ykwcxdkk
1356,ekezguly
1357,uvfskbeb
1358,voptzhlo
1359,tpsticah
1361,bqrcpird
1363,ismqwims
1364,thqvwgva
1365,bpdlimud
1367,vhratpnj
1368,zfahakyy
1369,mmaodffn
1370,httkgobu
1371,qpvjoccj
1372,qzlrhtdd
1373,hboambwa
1374,lctwhmvp
1375,mxspmslz
1376,tsjbbuvg
1377,ebehfgfw
1378,ynhhndoc
1379,eadifsjw
1380,hqrcolpd
1381,ibvmpdjx
1382,sbqchsol
1383,dgvuwkvy
1384,ecihmhcz
1386,czoaqlcy
1387,dtnyqvqb
1388,pfhjlnwz
1390,szgywnpw
1391,zoqhehci
1392,gdquxqyt
1393,aiyyeldy
1394,ruvhanhs
1395,xctenfbx
1396,okepkddk
1397,wvwawjdd
1398,hdogzdxg
1399,pjwydofl
1400,dbytpeju
1401,onjfdenk
1402,woqtsmxf
1403,yuaglppn
1404,yexewprm
1405,oyxmyrwt
1406,zulgvgqw
1407,vmudbjwy
1408,xzkemxar
1409,qhycviir
1410,rtyudqkw
1412,cgnhyjbg
1413,axgzsreo
1414,qqnlffwm
1415,uadtjetd
1416,vkvufkad
1417,udzhqoji
1418,hcmouvbx
1419,ndthzvjv
1420,bgyzgegc
1421,lbxvaqla
1422,mzmtdkuy
1424,ufbdcjql
1426,trsdujgj
1428,lhijanip
1429,dpgojdzu
1430,csvfdnsj
1432,uzyhsliz
1433,unzuixfu
1434,pkistpdz
1435,tmzghccu
1436,sciwhtxz
1437,tfgifbou
1438,cyavjnud
1439,chfubxbx
1440,yemceuvi
1441,besnrxhh
1442,wqwxbmik
1443,vxkwfetc
1444,sdpzvdid
1445,fjdnkhvg
1446,oajqktpw
1447,ffxrztub
1448,dokxuumx
1449,uxoqvggs
1450,afexgxdy
1451,fnftcprr
1452,zyqjyrsp
1453,wtdkdahn
1454,ddnykjni
1455,uolwwhft
1456,qnvfdouv
1457,rmlglzst
1460,zemzhcfr
1461,xrbzempw
1462,riqjercf
1463,sbpxamny
1464,zggxihtl
1466,vmelpbua
1468,dobmtooj
1469,qpkbysmf
1470,khxrdywo
1471,fdvhynuf
1472,ygoasptq
1473,nbzddgid
1475,khzwcekb
1477,gzywbxnd
1479,olwhgozj
1480,lroudivy
1482,oscnbkhg
1483,otjzrktp
1484,gmieftkh
1485,wjssdqqg
1486,duslmbov
1487,axeuztyq
1488,jqjoaiyz
1489,bptwijnt
1490,odtvyeec
1491,rmfrvexo
1492,jvbtomom
1493,jzsfqbye
1494,cshmnttg
1495,tudiptxy
1496,dcgxjgri
1497,mlsdnjdn
1498,jjryqvvr
1499,vbkgxlzl
1500,zkorgphy
1501,zwafqieu
1502,areymgtg
1504,jxipqqet
1505,rwtlqtad
1506,gjwigfko
1508,ukiaiell
1511,laiqfvqr
1512,xarxoozt
1513,tasumhap
1514,bqpvwrys
1516,kajnajgc
1517,sddpfhnv
1518,ysflvows
1519,zvxtmtcr
1520,fvepnxgo
1521,dqqozzfs
1522,djtuddvw
1523,dsgikwkk
1525,pitnochg
1526,yhuhjeyy
1527,avstpkxw
1528,hzorgjpg
1529,mrcfrhfr
1530,bgzkwlhw
1531,eswbseft
1532,bshpztoe
1533,dntqmfmn
1534,cgmpuzvx
1535,odvwturw
1537,bfliuakw
1538,xvhybyuc
1539,uerwebcz
1540,chyncvhv
1541,xsrpctuc
1542,hulbhyxd
1543,ytdsbsfv
1544,nbioahte
1545,wrzzicyx
1546,elcqyoqz
1547,plkyeacr
1548,fishkvhy
1549,mjdxxues
1550,oveksqgm
1551,pyuqiscf
1552,kaualguy
1553,cirlvgbj
1554,nxjpqlgg
1555,arzzbkfa
1557,zzdxijfo
1558,rjepklqc
1559,qeasjbgf
1560,hsutdakd
1561,oxlphzdv
1562,ohtwwouf
1563,giplwlsm
1564,bppakmha
1565,aaslpwmh
1566,rwiivnut
1567,pkmuxckl
1568,jfbhpjnp
1570,unwwrmev
1571,bdhinojg
1572,qkbuyqgd
1573,ughbjacc
1574,ahmuddcq
1575,ukswnzgd
1576,psyzjrrr
1577,ktcqgqhr
1578,perxcagq
1579,vtduzfsd
1580,jafrulzn
1581,pogejtoh
1582,jkcuzjhb
1583,yainoezg
1584,lngsaemv
1586,patxhmfq
1587,dhsjwsux
1588,qxlydyhq
1589,rbfkgktu
1590,dbvgclia
1591,mbmloqtq
1592,snsvjbui
1593,vfmsfhbq
1594,sufzzclc
1595,wkjttfvf
1596,wdvkdnno
1597,mxbmegnj
1598,exumzuai
1599,nwxwdkuz
1600,vvshpqcb
1601,bqojxyxb
1602,ybcyiuqh
1603,vpxsjumy
1605,ugtnxsgd
1606,zapfsfnd
1608,zccghwin
1609,nyjodtck
1610,hlydjwsv
1611,tpzrtudg
1612,linjneln
1613,gvlqlgka
1614,tqbyicka
1615,jcxftfxc
1616,onogxdyl
1617,kztidcox
1618,jzsxzpoz
1619,qwtxcxfc
1620,djcnjudw
1621,hzwmftrv
1623,ygmycnlt
1624,tmetqxzu
1625,nmgilnxj
1626,ythdrbvl
1627,fnjkqvdc
1628,adaiqsto
1629,rkbxqabx
1630,ndvedcye
1631,rojmfwjt
1632,bvifazcd
1633,dzfbmzak
1635,emmzcfgk
1636,xzucwysd
1637,frrocwcg
1638,msbmqsjz
1639,nydihrss
1640,akvgwjmk
1641,moxmlcty
1642,tpjqwdxa
1645,ilobnrzu
1646,qqnszazx
1647,gcpahlgt
1648,ysqiittc
1649,awpwelgf
1650,wascvejy
1651,ntxftbet
1652,wiayrioa
1654,mcvsystp
1655,epoueyyx
1656,awtdxmom
1658,rpcluqpd
1659,tequbfbz
1660,pjyxsaxv
1661,wmnytxqp
1662,vghwrrul
1663,toksgvfu
1664,pptstlzy
1665,xlqihwwy
1666,oqubrioc
1667,awhulazq
1668,tgjhscls
1669,awrjgshu
1670,muelgcib
1671,jvwgpddp
1672,xfsgjyiu
1673,ayhsxcwf
1674,zxhawuet
1676,xpuqvouq
1677,nshivsvb
1678,bfcxecyh
1679,rcfknkxx
1681,ipwgvpdn
1682,ehpihhun
1683,jtkrvxcj
1684,yvlcgjjk
1685,btxmwgbz
1686,wnrvpjad
1687,bvnxydef
1688,sugqjeph
1689,uniewkmi
1690,zqpfbpaq
1691,djkpbsma
1693,tcpdxanb
1694,ehbqqkaj
1695,ddadzryz
1696,fwpqfisi
1697,yufmaqds
1698,dchznuzv
1699,zyonnuco
1700,uqbuojww
1701,xsakkten
1702,wblpwjvu
1703,ytsxbpih
1704,tuezmlca
1705,emmwdahv
1706,zfcqxgsb
1707,sijwbrww
1708,xltbxcdc
1709,kqmmygtc
1710,jmrtfwwr
1711,jfqfjntq
1712,dlrskqlk
1713,iigmrlpb
1714,wutbodab
1717,kmotipiz
1718,wmyuwujh
1719,asmylyrq
1720,waegmdzn
1721,kejpwsya
1722,ygipxfsp
1723,ksnhedeq
1724,xmwyjatk
1725,enhscpwr
1727,pedwcpep
1728,eevjkyfl
1729,aoxwtksk
1730,uyeyqcrv
1731,fnuqlnkz
1732,npferfco
1733,vqeybjyb
1734,kcxehnyh
1735,ziltjmqw
1736,ysfoqhaw
1738,evqcrpdh
1739,slfjiyxw
1740,srmfioes
1742,qyxmkjze
1743,gwvxxfve
1744,rvannvyz
1745,gkkapbue
1746,vuccxxdj
1747,rdrpwulb
1748,wfsicxub
1749,kggxiqqt
1750,vfgcehvm
1751,lvbafjpa
1752,gsobpoax
1753,gbqndfmk
1754,djurtzja
1755,jugupwce
1756,ixlpbtsd
1757,arkwoqxx
1758,ojgpnxbf
1759,cglrkdua
1760,uxyrsyjz
1761,kjinkwjd
1762,cypmmliu
1763,vemqeora
1764,bgsuxpss
1765,lvcnudvr
1766,evjkqjrk
1768,kpemhngv
1769,nviqwevh
1771,zxcbwkrs
1773,tfdajimp
1774,irisvbql
1775,pgzrzggw
1776,xzradorl
1777,znrkmlps
1778,lhhfbyie
1779,uelyocta
1781,qvvojypf
1782,qhgtftct
1783,xkzmyzhn
1785,catcwele
1786,gywfoqob
1787,mdyovytd
1788,hbhigsmv
1789,xrzkemhj
1790,xfgjtcns
1791,yvyydmyk
1792,madeklax
1793,kdzxyvit
1794,vuwstvqd
1795,hsgnuebg
1796,kspmgfah
1797,hjbrxzmi
1798,yunmwqiw
1800,sxqvqxts
1801,ydgsawua
1802,qobpqwmj
1803,ftdiebmv
1804,jjmfjifq
1805,bsqoukel
1806,wfpqyysr
1807,ujtrjnzy
1808,iorygzof
1809,rrudmqov
1810,sfpmjije
1811,bdsxyzih
1812,auemiooy
1813,dhymnvhr
1814,vgsguzue
1815,nlddhtae
1816,hlraoawo
1817,mjwkgbqz
1818,gklrftye
1819,erqignog
1820,uxcjnbqm
1822,gwasixxy
1824,evtgucpu
1825,qcnbyuvl
1826,efkvlvau
1828,frpmjjmq
1829,qdotqxsc
1830,rujzxtnh
1831,cizickkv
1833,ccrhrfey
1834,uwspkgbm
1835,lhatvedq
1836,xnqrowgx
1838,opojvpxl
1839,pgyskygv
1840,zsvlsmhv
1841,cuqtogur
1842,alkrwdpf
1844,deiyzcbs
1845,zoopnahw
1846,upmicqwx
1847,qesnqiko
1848,csqotxme
1849,xhdshcfw
1850,aoevujmh
1851,kqqpanuf
1852,ctvynlmn
1853,ntsfvkta
1855,fdqfbrbu
1856,ftvzfvds
1857,iiutzdsy
1858,wabzgsrc
1859,llgudwrl
1860,xswmnywa
1861,mjiyacbg
1862,injpylpl
1863,uvgamvwb
1864,qfudtrqk
1865,wydicrqr
1868,hmuimfgq
1869,xveqqtef
1870,kmhaklou
1871,dhvarmnf
1872,jxoytszr
1874,zwwdvuwr
1875,kvyouydv
1877,qzrzrytw
1878,pgszkery
1879,cmemqgyz
1880,kvbtwvnu
1881,ptcdeulc
1882,bzecijex
1883,oghbjikr
1884,olqimttu
1885,gatzxtev
1886,jobzdvmm
1887,nndqgxyp
1888,egfrczsq
1889,wkpcfgcm
1890,hcmwfdqg
1891,avpidbps
1892,rgylhxgo
1893,sqgxmlzq
1894,znqxkwfw
1895,rmfvfxcf
1897,ysnxdizz
1898,ltpvjhhd
1899,xfvflzqj
1900,epmriowo
1901,nhnekago
1902,wxsdxrps
1903,yuerkhqt
1904,djznxahc
1905,uozdopcm
1906,hiwstomv
1907,tbvzbyyw
1908,wwbaqnss
1909,jrtvuahx
1910,qwyviiwb
1911,enxnmhcg
1912,udungamz
1913,hmvdaszn
1914,wbdjrwww
1915,ofwvzmav
1916,gjjfxhrl
1917,ockqduff
1918,ywkxsnpd
1919,hzpofvml
1920,mukbwsld
1921,ytmqlrmy
1922,oypikjfq
1924,pkxhkoxm
1925,alwhncud
1926,venbfmau
1927,oevrwszv
1928,dzatpqev
1929,whvyxpip
1930,fzeqfpqu
1931,rpsnveti
1932,sboemyaz
1933,rkpjjnhw
1934,qcnpnyuz
1935,luhkninh
1936,kwhlpwae
1937,grgbruqk
1938,aqrpuiyu
1939,hmlesdow
1940,iaqwdcxy
1941,rfzkbket
1942,hmetdgof
1944,vqqcojcr
1945,rjhbxvfq
1946,epsdzcbi
1947,itapgzau
1948,etshowje
1949,kkjofgol
1950,aauwneul
1952,hgwxavfp
1953,udtabinc
1954,uyzkrbax
1955,jcqqkvcx
1956,clijqdlg
1957,aqpvgykp
1958,ieruzjac
1959,iajpbwzs
1960,msfaofzt
1961,qqvnxwuj
1962,mfozkkxu
1963,tbdyeprg
1964,txggudpm
1965,swzcywzg
1966,sirajdiw
1967,eobdhbrl
1968,wggdzjjq
1969,sblybbxv
1970,lhbqmlow
1971,koydzalo
1972,kzqizsea
1973,dnjzwlnw
1974,qpqyyaqx
1975,yccwbnuw
1976,hinewxch
1978,tuudpchd
1979,zbcusbhc
1980,qmoqvpnf
1983,vpkwdwbn
1984,wrrrmyqo
1985,rryogzih
1986,dumddgye
1988,lwvqoqet
1989,jiibdena
1991,vitnxkew
1993,tjdwjmsc
1994,lfzmgmgh
1995,imndwbkd
1996,dssmnojk
1999,vquafpit
2000,zpocvddb
2001,ipoolhol
2002,dpcgmwmy
2003,iuvlvrlc
2004,qyurrqbm
2005,zxurbclw
2006,jczmqrgi
2007,gozdejsa
2008,zjgestii
2009,sawihhnr
2010,bvyhyivn
2011,ggozjmdv
2013,nflrspey
2015,vcltdonj
2016,gscnhyxk
2017,akawrbil
2018,asbmhutf
2019,pplwllbo
2020,mdckbyoi
2021,dzhwvmgt
2022,vslkbikq
2023,dqdthvgb
2024,ktotcdwp
2025,fmrjxtxl
2026,tnbilaxd
2027,ikakgisb
2028,fglmkxje
2029,nvsdbvxl
2030,qxgjcvsh
2031,vovxuxjw
2032,rsbpnkkz
2033,lmzhdzjn
2034,ptnnohhe
2036,fmzhuguh
2037,fiynnggb
2038,yejzkqcu
2039,qrikisck
2040,pmakhcdi
2041,kwjtsnbu
2042,yzuqrtgm
2043,ogqkwtps
2044,eqkvdcbn
2045,lxiupjjz
2046,alsawtmm
2047,gypyoywi
2048,ihuvpoig
2049,prmazggt
2050,kqkzxazd
2051,jdsgzkrv
2052,bepultmr
2053,bmqhzctr
2054,vexeapeb
2055,bsofiqzf
2056,erpwmnas
2057,gxrfhueb
2058,wysjxash
2059,bqbyrhkq
2060,mztafqel
2061,zwpltczx
2062,brpvorza
2063,bjziqqaj
2064,hxecujrr
2065,lvzgdfug
2066,ruxlxkdd
2067,cswypsht
2068,wgafkcfn
2070,nzfvcyba
2071,udsgnjuk
2072,inqvezjo
2073,rpqpvcni
2074,ryaxmpms
2075,cvzsdwil
2077,fnuxiacu
2078,jrtyenio
2079,ysdjqqxz
2080,qytylina
2081,ptiemhrt
2082,qtgbozwj
2083,kaisymqd
2084,ftndfhst
2085,huctosyq
2087,ydyosviw
2088,dudsqaap
2089,xiycksin
2090,mfjnfnzq
2091,kfjczljm
2093,ctnzlcjh
2094,wvjczley
2095,yhjbvugk
2096,kluaurds
2097,vgwhtquk
2098,mnpjhhhf
2099,vdaoejvh
2100,bjgpfntr
2101,neiqclaf
2102,gkgoxxcl
2104,bkjjjhil
2105,jdodxxyy
2106,ziqyyfpc
2107,aapuctsc
2108,frrlsrmm
2109,jichxpnj
2111,ltzprfcd
2112,nqkvuwkh
2113,rzlxstfu
2114,pcddexht
2115,wibqouua
2116,bzdifdek
2117,tdafromf
2118,vsjszntc
2119,twiaurtr
2120,nqiuoqpl
2122,wqjwjnqa
2123,shxafitt
2125,rdowcwtz
2127,luuaruhs
2129,sxlqzpme
2132,umtbhero
2133,ethlwscr
2134,qqkynbds
2135,fyqgudru
2136,ulglhmdv
2137,qizadzef
2138,qnclomvc
2139,tvhwdoiy
2140,qiwikhdy
2141,qsooiqqn
2142,hrnbkpfk
2143,rybuzpfo
2144,pwhgffze
2145,gzkezgwm
2147,tcfotfrj
2148,isakwmpq
2149,uaorhmlw
2150,jectcpdt
2151,oidcorou
2152,gdyqaqds
2153,fqnipsdv
2154,tdwpflgm
2155,smfyotom
2156,httrotfp
2157,xdzucuvh
2158,bxcrjywy
2159,ofviropa
2160,gulvifkz
2161,qcobtaly
2162,rybypvkz
2163,dxkadbqc
2164,wlltehty
2165,vtqysvsy
2167,wfrdvstu
2168,duqczibc
2169,eqoaltvh
2170,rzkbggfv
2171,bvdzhnwm
2172,zjmkycxm
2173,kgvxssvz
2174,cbpoyonj
2175,lnyjtrqh
2177,ierniekj
2179,uczofcjm
2180,ctsxshcp
2181,turpeneo
2182,eaifqcmr
2183,mvzunjzm
2184,hltyggri
2185,pfzzzrvu
2186,gwatuhbm
2188,snfwarti
2189,mjbwyssk
2190,fozafsqb
2191,acaxsrry
2192,pmnpilxe
2193,zlddokdc
2194,rljslyez
2195,nchbmqos
2196,glfhdskw
2197,hmbrnaps
2198,xvuglxuv
2201,amqfekoh
2202,ldrtlhkk
2203,vmjnnpzl
2204,qtkzqlvs
2205,wtniirff
2207,lbknbbra
2209,jkxcxkzs
2210,rmloewab
2211,kylxeymu
2212,uroluefd
2213,fphlosiu
2214,ekgjnwfw
2215,odxsynme
2216,bnfraswh
2217,efapbolr
2218,dpbwqydz
2219,qgcuycdz
2220,twmcktvb
2221,cuqzmapf
2222,crxioufb
2223,wrscnely
2224,nhvgapgo
2225,yvriindb
2226,jrwixkdc
2227,oigemevl
2228,ggeptviz
2229,edrilwxf
2230,pvbiljwx
2231,aopmbzck
2233,vsiidmus
2235,giowdjai
2236,nnfmnjwo
2237,mmvuwflj
2239,pxdvepxr
2240,exqxgccu
2241,sixjbonl
2242,cgkvloug
2243,szanbvvh
2244,nwubiuyj
2246,ftjatiil
2247,rqzyeerv
2248,jveadkex
2250,thxkczcy
2251,myhilbml
2252,imflddpd
2253,cwvtuxta
2254,cjhpuqsc
2255,blhluzfu
2256,aepxanhn
2257,mhzwhcvc
2259,tcomfbda
2260,sjtwqvgo
2261,lmokeour
2262,twxttkvs
2263,jvkyzocm
2264,wghabsiy
2265,yelnymqd
2266,rccryjtt
2267,mueaykeq
2268,lrvziaoh
2269,kgoshlhm
2270,sqekysad
2271,qylznxnv
2272,wzjrlwru
2273,zodxsqrt
2274,dmdrwlib
2275,rviqcnrp
2276,nsqmchxr
2277,mwfhphyq
2278,sfqbgsad
2279,fmjttzao
2280,mhaaesmg
2281,mxfdgvix
2283,hnfbprbm
2284,sggqhzzw
2286,ltjpamyn
2287,pnikxvsg
2288,ddqxptot
2289,wtyiuxxx
2290,djhszxcu
2291,zhuyoiix
2294,lupncjte
2295,dzptdtzs
2296,hjiwnkld
2298,qpcxrqyg
2299,bolurumh
2300,fmfwebmo
2301,qlwzsbus
2302,abodfuxf
2303,ztdhorxg
2304,imekwwyu
2305,incnwuck
2306,lsiebljp
2307,ifcwlapy
2310,kcxdgoek
2311,ssxuorld
2312,xifuhqjx
2313,fpjrrxma
2314,hqxiwqxa
2316,ywbbguwz
2317,jzrwynrg
2318,xdealtks
2319,xbzppyvf
2320,ltgwnajg
2321,etifutdb
2322,naugwgit
2324,yekaciue
2325,watemyen
2326,tjlzbdza
2327,hrwawudv
2328,tikcdjuu
2329,fagxtghx
2330,kcngultw
2331,sdmpxoxo
2332,jxpqimyt
2333,dokixvcv
2334,opquiuof
2335,wneroxup
2336,auolhypu
2337,ejggwarb
2338,wvdnyzqm
2339,tpczsqii
2340,jzcaquba
2341,ltyhwhke
2342,daoitfgf
2343,xcduekcx
2344,pledtuhi
2345,fahkcegk
2346,cmpakmsh
2347,dpbqdbcu
2348,przqbsvv
2349,ygdtgsps
2350,endneffc
2351,wkexeins
2352,bxfshobq
2353,dvwzgppc
2354,cyftgnqe
2355,ppwzzadu
2356,imnnkxkq
2357,yoclsyfw
2358,jlvkkpqu
2359,xwfydovr
2360,eunhwwiw
2361,zvbhxtoj
2362,vonnjgle
2363,jvuvqhfe
2364,ztygcmva
2365,gvzgcphc
2366,vqkmktyh
2367,rgoerkjd
2368,ekdjnmgx
2369,undnkowi
2370,kjdvhiai
2371,dwbglfzj
2372,ezcskcfv
2373,lruzuzhs
2374,jnzxfaab
2375,qrnxlqrd
2376,kuksszfi
2377,jpqxqdmg
2378,imquylti
2379,jqjszrpb
2381,zadtehsn
2382,mbmgqolz
2383,oqlyhmle
2384,htishdlc
2385,hvwefjsu
2386,hnzgqzsf
2387,tpxsvzoc
2388,fqzlened
2389,iostoqlb
2390,zafuvkty
2391,rhgqpplz
2392,qpgtmfhs
2393,wgqxpnin
2394,cwyftqml
2396,biimyluh
2398,zdzhcsyf
2399,kjemaibd
2400,fyabtqpt
2401,ibjpydzw
2402,scryfgxt
2403,qniiliud
2404,lpngotii
2406,zmswitys
2407,ogcucklm
2408,jqcjugvk
2410,oekjunub
2411,eunjwkva
2412,kvjnajcc
2413,hsokalbg
2414,pnykohwy
2415,iumzchha
2416,ievavwej
2417,evenuiad
2418,jsuwysfe
2419,lpkjyfqb
2421,usowbbhn
2422,mbzfwmjr
2423,rayymqsw
2424,lopjuksj
2425,fygzkdhp
2426,cuzfqsga
2427,ggemavtm
2428,gddqawio
2429,uazbrwvp
2430,kjtabzlj
2431,ixfgjszu
2432,tfnhhfha
2433,jrqrwvnz
2434,xonsomjx
2435,yfvinhdl
2436,nrzlztxo
2437,wkjzctnd
2438,unorfgmt
2439,xdfzsijg
2440,tzhosmak
2441,zdakwugx
2442,nutavwum
2443,tmxikmqn
2444,zwfopera
2445,lslaxszy
2447,hwbeemhe
2448,bzktuxot
2449,hdsuqpxe
2450,rircblgi
2451,jjfefmde
2452,yehscbxk
2453,mlfknzai
2454,aeweogxf
2456,xnhtuemv
2458,kensgsqa
2459,yqttawqb
2460,mdcnqfjr
2461,mrjkrdae
2462,frjivwcy
2463,khvstmed
2464,gibtxrhq
2465,ztsiexqs
2467,lhbupotk
2468,arebgpda
2469,iznbcosm
2470,bedqyfku
2471,lycgfwgj
2472,vmfwwouq
2473,gtfzimzi
2474,cnqchqwb
2476,dvfnlnse
2478,fhninctw
2479,jxncscew
2480,pnvxgfho
2482,dsklfzrb
2483,joucupuu
2484,kiknqdkz
2485,lnekxocd
2488,aeojpzxp
2489,yiekmvxd
2491,yyafwosj
2492,tdbqymmb
2493,nzpimxzh
2494,szqsizdr
2495,trzxesyv
2496,kbsgahcv
2497,muapjgkg
2498,feijpkti
2500,ytjjivlj
2501,bvxdxylm
2502,cnkwqvtk
2504,xfpfajoa
2506,nswpbaaq
2507,uohlmhpc
2508,sfinbyox
2509,yvypurlx
2510,ajqhlolm
2511,sszwznsc
2512,anqubjza
2513,dnmacevp
2514,jmhkohbk
2515,bbkylxzu
2516,dvaiowmj
2517,fzgmbnfp
2518,pngfmyck
2519,zwmafkyu
2520,etrbzprp
2522,yrwfjntm
2523,swhhdfey
2525,rtxueatc
2526,bvfiawnh
2527,cvilxqxb
2528,tjrxhiyq
2529,iystbmkn
2530,zaakiewr
2531,zhfkxcjj
2532,chbftlep
2533,wsadlsjw
2534,uqfvnvbl
2535,sytutluv
2536,vihoxsde
2537,kmrlyroj
2538,xmpdfkmh
2539,zbbzoogq
2540,zijwnwpt
2541,srmyurtn
2542,rbqjjwyw
2543,bemtmeze
2544,tbqqjhsm
2545,bhuwmhsa
2546,tdaddzwn
2547,kliifelx
2548,miueswpc
2551,qhpzndek
2552,rwbbfied
2553,aydrnrmu
2555,dpldphxq
2556,uidrgrks
2557,yqtkkatm
2558,csuiohfj
2559,rmzumwcn
2560,gueqqecg
2561,szhanetq
2562,phxbjvos
2563,yadsrxfv
2564,pcamvnmq
2565,jwyggqbz
2566,xvaeiiph
2567,abbcdjjv
2568,rrfqvciy
2569,bzdcluyu
2570,hcgmovid
2571,bygtindr
2572,wbfxggue
2573,zbewavqx
2574,ivntpsdq
2575,ckmapvyp
2576,vkrffwkc
2577,uqpgjbgp
2578,shnvyuyu
2579,dpbisjuv
2580,pjyxtkdl
2581,pffizudp
2582,sywyosrw
2584,sdduoged
2585,pkzdvvjl
2586,drzzaxmp
2587,kjnsuqdq
2588,syqooqik
2589,zzyiuxev
2590,ifgktpro
2591,geadytyr
2593,dyuheurz
2594,dsrnnohj
2595,ogviuhmm
2596,ffszyisj
2597,cdmxkylp
2599,oyprqkpl
2600,ozirizgj
2601,uuogsudg
2602,tbuhqpph
2603,cygwzuez
2604,itogxgsy
2605,ittomdgv
2607,dhcymmmb
2608,bxaeawjc
2609,yalwobvt
2610,bjuhyius
2611,favqafsl
2613,zydozotj
2614,nlslnbeu
2615,pcfvvuov
2616,xmiastms
2617,jrithruo
2618,xydzqtrp
2619,mdvgoowc
2621,bqwkvfri
2622,sryqgqxa
2623,mbpdeufk
2624,jkoxakqq
2625,bmdyynmu
2626,vmiawmub
2627,memexzaw
2629,wgjzhubz
2630,jislxmet
2632,igrqzvrn
2633,fqfvqqqo
2634,rjvqfsdw
2635,flhpfddi
2636,uysbabjj
2637,lzebqjmc
2638,pbnbbauc
2639,ctwmmrrz
2640,qlqjiora
2641,btpgvews
2642,egesblnx
2643,rqnddghl
2644,tgoydqdw
2645,ryefylhu
2646,dxptmsnh
2647,xetvxuuu
2648,yqdbgfbe
2649,dvpkrmhf
2650,rijlotor
2651,jbdbosnl
2652,llfyvsne
2653,copxbvio
2655,yfdukshf
2656,qprwduwr
2657,ceoshsux
2658,alowawdh
2659,vdrvbaxq
2660,cwsyjvfk
2661,qubnfywx
2662,ufqmpzvp
2663,qaasvupa
2664,vwsbutfw
2666,qnaqxqor
2667,wdzijzjt
2669,zbdyuqji
2670,wstsdnkd
2671,exgczuue
2672,xmmysxej
2673,vzugspnb
2674,tobtsbjv
2675,vdhbqxav
2676,zeaekzju
2677,wtdhoyod
2678,aonnnyvg
2679,snynhinp
2682,fhatcyco
2683,xrldxtsu
2684,uwivwzbe
2685,uiiyeuqv
2686,clvdgopj
2687,wstxlsru
2689,zyohfgla
2690,bdnnyief
2691,nafehmrc
2692,ehpeuvjl
2693,stshstol
2694,ejsbrqcg
2696,aqbfcqae
2697,jplhugfg
2698,iijdofpy
2699,zdddfqqj
2701,ykpcvqsq
2702,gcarjacj
2703,tdvbxcdt
2704,zpckvejl
2705,baynayhk
2706,nhwgtegb
2707,etdgpfzx
2708,kefgqrjy
2710,uyfdtvou
2711,fqvykphj
2712,rdicalsz
2713,onormvrl
2714,jmvuncma
2715,okxkpmvp
2716,pbjgrjum
2717,acqfdgyu
2718,gmdcdiji
2719,xmzfgqjy
2720,ubfylmcu
2721,myqfebqf
2722,uzkuhllh
2723,awpacloh
2725,rhgknnba
2726,jneffkcw
2727,warnenpw
2728,amhlzvrh
2729,cffxrcfc
2730,cfrtfeep
2731,sdthzyex
2732,ewdscnxz
2734,jkmcdcdh
2735,dhgksmpw
2737,eygffyzi
2738,chrvncgy
2739,opungxgo
2741,eozrqqih
2743,hvelaadt
2744,bwdajfxc
2745,yhtftigo
2747,acnbilkr
2748,xgrbrokw
2749,dysvznzj
2751,tuxgbsiy
2752,pzpvgscl
2754,amreftjp
2755,jzjrcebp
2756,gcojeqvy
2757,wsmrpyxp
2758,tvuqzgfc
2760,skhobatr
2761,amzgddyg
2763,ireoyuti
2764,kzbxtjpi
2765,bdmzbver
2766,xgoyktql
2767,clorcadv
2768,rywenkdk
2769,rjwsifhc
2770,aoytozle
2771,gxngqnuq
2772,ovtmcnwt
2773,uybzqybw
2774,jzfglqhh
2775,ukxobtfd
2776,igddxybl
2777,igywcjvn
2778,wkocurro
2779,kzhncalf
2780,cbhfpawp
2781,clkdsgbi
2782,nyyhoaae
2783,ttzdnuaz
2784,ukizvwez
2785,aandhief
2786,vjsqokjf
2787,bbayqqqs
2788,umqfbthq
2789,accnmjrh
2790,pkmxsrqa
2791,pwnffiah
2792,izfyfbjp
2793,lvvdifgj
2794,qsvcoaja
2795,qpecdrqf
2796,ussykmkr
2797,bbqwsjkb
2798,cjeiicrm
2799,hvgjvpvs
2800,novovhwn
2801,qkiqipal
2802,yufvcpvz
2804,syopivvn
2805,tfnltkqe
2806,rloxcguf
2808,foyriipm
2809,hddafksm
2810,rzaefyxm
2811,fhbefhmz
2812,ojshxghk
2813,bsxfqipb
2814,ybsxpehz
2815,kqbuxxmm
2816,ijbuhuxg
2817,zruyqtnb
2818,yirdhpad
2819,fuqefczz
2820,chaqgxfe
2821,txgzboqq
2822,xjezyhki
2823,bxkltxgz
2824,dnuhdpoq
2825,avowdcrs
2826,vnqqcbtg
2827,agnsbmia
2828,kqaosrck
2829,gshzusyf
2830,vuoeukec
2831,hgtemtrv
2832,nakbkmnu
2834,ubflpnsy
2835,yjqmenev
2836,duexakoc
2837,zwfoyovq
2838,xtzllbte
2839,yowybehl
2840,cwvoayvk
2842,xvsvlvcn
2844,tqbzvuit
2845,jilkfqrk
2846,oytusgun
2847,sejsijly
2849,lfqixhjf
2850,cogktivd
2851,vfqywmfb
2852,hybigfdl
2853,ljkbaixe
2854,snatyizs
2855,uwuhbomo
2856,vbqvanfi
2857,bjpyeplg
2858,fbxijynx
2859,psolvspe
2860,uawgjobu
2861,qrqfponz
2862,durefhgd
2863,scferwtd
2864,jomatfyr
2865,cxjasjzn
2866,aaabxoeo
2867,jvebtctk
2868,baprvmxt
2870,yzrpdigj
2871,mvcxzvub
2872,blccgbzh
2873,rgnixxbv
2874,mdeejbim
2875,kyabxjot
2876,jlotqjco
2877,dmbtcwns
2878,eohliuev
2879,fdmuwksj
2880,ieorcivr
2881,txgghqbv
2882,twfdumhv
2883,vyfgpldv
2884,gnxelxji
2885,yuuzdpim
2886,iqbtexjm
2887,xzsybqok
2889,drjafhdn
2891,ynxxhxly
2892,tvxgeetz
2893,usvhtzcs
2894,qszkwqyv
2895,mwayptnv
2896,kynefacy
2897,hzwnsntt
2898,qjwkkegp
2900,rjcsgqxb
2901,oqlpogvx
2902,ahmnkpql
2903,ewooixee
2904,mdytxyfe
2905,jyfgfksb
2906,kaffrdhn
2907,uuqqyckm
2908,dwreblvh
2909,zehsvshq
2910,ygttuuic
2912,cbpambsc
2913,qjugtwlu
2914,fwwipxqt
2915,czowlrmm
2918,soynzmfu
2919,ockefqiz
2920,fvzhvaet
2921,rgnkvhfz
2922,zmuyyuzg
2924,rweafeea
2925,wxmapeyf
2926,ndioebbq
2927,ldzolffg
2928,rbjtvrfm
2929,voktjfts
2931,lqgqioza
2932,yzbrjzri
2933,vgjxwbbr
2934,puwkvkdz
2936,lzyywguv
2937,hejpxopj
2938,nqehblqm
2939,sjdezsbj
2940,waxorxch
2941,elkpxvst
2942,reaakucn
2943,ythifqaf
2944,jfhfvuju
2945,xdgqqmuf
2947,aefjmqyw
2948,drgntaeu
2949,cekjazsa
2950,xgfnomib
2951,dxqbnbsd
2952,ddzaqdsk
2953,goqfalgy
2954,pyivvgwe
2955,nbieoxno
2956,hvlkgsvs
2957,zaartwyn
2958,vbkhjmsm
2959,edwwwlwd
2960,ugfgmdfe
2961,bahbfgna
2962,wobwknji
2963,lndoankc
2964,vnjjsqse
2965,dxjnejsy
2966,vlbibwme
2967,xjurqmgp
2969,qwgjqpbo
2970,rsxzwkgb
2971,eolsqtsy
2972,udxvghid
2973,llsblwxd
2974,koeyajth
2975,mmjnvhdo
2976,vozhmpjh
2978,dsxnwzkn
2979,dzdgvdfb
2980,udjqyqdo
2981,ldmndksq
2982,euepgzec
2983,fdpdiung
2984,zzjdcanq
2985,ifymgvcy
2986,okwrxiee
2987,gjgcgglt
2988,xuzatpwf
2990,igyxtsuk
2991,ujvmxwhh
2992,mnhbntef
2993,flmzjrrt
2994,hofadygb
2995,xiegmfnp
2997,xtqspcfu
2998,oucvwoua
2999,yvvxlbjf
3000,kouprnti
3001,tfrketgq
3003,gcoqrctr
3004,gsizicwx
3005,mkdjfzeh
3006,pbstvsjc
3007,ajbbfhcu
3008,uloneiqf
3009,qitutwbm
3010,rsasccjm
3011,tvqlvwgs
3012,wwkykmvz
3013,yiarrtne
3015,xltlrgup
3016,jlspqdzu
3017,ypxmatmx
3018,soplqgsn
3019,oetebanc
3020,ltalmzrn
3021,ajukvmmi
3022,inppjjkh
3024,npydmqtl
3025,whswznuc
3026,gctjqbiu
3027,gfmjnetq
3028,dbrxxkby
3030,nckvhqbo
3031,cvtqpfki
3032,ykwhvjak
3036,zerbrlmw
3037,duahykyc
3038,xgibokqg
3039,ylinxlvd
3040,itqvrpqj
3042,hyylphcy
3043,zpykugxk
3044,lgggnaff
3045,nlbcvzbj
3046,nkrewfzb
3048,hzxtibso
3049,uaqkgojq
3051,ylbzxxds
3052,atrqoxyc
3053,vmurgzsd
3054,rifcepmp
3055,bmqwoltx
3056,itsnyqml
3057,isbidpeg
3058,vzwbiymf
3059,iuhhhkjs
3060,wabzkabb
3061,qzcnqhxh
3062,jrmprcnc
3064,zzfpgskh
3065,ebkqjvmn
3066,qpizkyqj
3067,liwodgfw
3068,fuknvfrl
3069,dswcxicr
3070,rubpqije
3071,nhbohams
3072,pznurids
3073,ptemdktm
3074,uyskkqaf
3075,rvbmzfuj
3078,pydeagtz
3079,guuuxjkg
3080,ohxbotzu
3081,gssezdfw
3082,hewajhpw
3083,ecijoeba
3084,vkqhoebw
3085,avdyzvlt
3086,eiolaoay
3087,ypuxtbcr
3088,lazserul
3089,jxycjadf
3091,qqfulvyv
3092,jznyzcbp
3094,urlmqztd
3095,ntydbnbt
3096,ibvmvyxu
3098,yptmejeg
3099,zphleotb
3101,qedsdfpj
3102,kykjtney
3103,qdwvrcfq
3105,oqfkvfgo
3106,ogcghbxr
3109,osfkdasj
3110,dmhftwoa
3112,qjqpchfe
3113,wodemjox
3114,xcwskyxq
3115,tpfigvvx
3116,wyekgavv
3117,zfnsfusp
3118,ljjmgqxh
3119,phyhvheq
3120,jjibcqva
3121,noxkdjdz
3122,rnbyhgpv
3123,nbfqrped
3124,jynyxlbm
3125,atakvyfu
3126,hvjfokpu
3127,xchibfen
3128,rwnqqnom
3129,ccvxnptc
3130,bmnzmtoo
3131,wumxhhxg
3132,dpevvexp
3133,kpxfngpc
3134,wppafwwl
3135,zigiovzc
3136,yazahnjy
3137,kawcaqar
3138,mbekaadw
3139,ojizzntu
3140,fpcdwdck
3141,djnxzdnl
3142,nagvjxng
3143,fkkwmixv
3144,cqfhxukv
3145,hmbeovhs
3146,mhbzqrzc
3147,colffnnn
3148,kqltoiwv
3149,omjrcbtq
3150,gqmadzck
3151,jvvbdcum
3153,fhimfxjg
3154,klefuelv
3155,quldljbh
3156,sbefvlrp
3157,salwztzp
3158,nkrsmjvt
3159,byagzyzx
3160,mbfgdhzp
3161,levnvqlr
3162,hvhtlsgv
3163,naralodv
3164,ucdnhzds
3165,heqnbscc
3167,ovvulfbc
3168,zzgivmpr
3169,ysggskid
3171,amddnflw
3172,rimzlvqj
3173,bjrjqfnn
3174,fxrgsuct
3175,gyghrxgc
3176,bxslojmr
3177,wqkhnnkg
3179,fwkldzdo
3180,bfthhsth
3181,hgbicxys
3182,uvcnqozo
3184,camvssnz
3185,axnfxsio
3187,lupvzefq
3188,nccpkver
3189,iwjbyhbp
3190,jxrqhdrb
3191,hmyghcwl
3192,zklmcvnb
3194,zlvjrxwt
3195,ctgwgmyp
3196,enhorojc
3197,pzsubgei
3198,vvcjbrkl
3199,nmixsumx
3200,kkcmylfz
3201,rjwtcgsx
3202,bpgrcznd
3203,efmmjksq
3204,retfqzis
3205,ewauzrrn
3207,rtqjjdhs
3208,abeyvcdg
3210,oywsgpuw
3211,qfwoogwx
3212,nfrgdurf
3213,lqyoszth
3214,yvtqndfy
3216,eqxlcala
3217,bkhkzjld
3218,aodqdbta
3219,ifjiblfy
3220,dbgumspe
3221,odkwpnxj
3222,bybsfqfe
3223,auwriwos
3224,fpmwmneu
3225,ihzuxiak
3226,xvrxieco
3227,ovzfnwry
3228,pkgvnuxw
3229,ulucxzzj
3230,lrxkuqli
3231,xpqjsoau
3232,lagefaor
3233,oetgdimy
3234,wjvdjwib
3235,pcjflcqz
3236,mpymiozh
3239,rqodcify
3240,ledhyrea
3241,vxowvjgl
3242,bveqtziw
3243,bkadzkmv
3244,cbhpwdbg
3245,bhyqzfog
3246,uxeawkab
3247,hkdgtepx
3249,hwteiavs
3251,tqdubwsa
3252,gxycphoz
3253,hotagqbw
3254,loroxmwf
3255,kkshfrox
3256,idbgsmkm
3257,bfnnmalc
3258,bbvbdgmp
3259,yqqvddjb
3260,ejxoqckw
3261,wwvvhxpm
3262,adogjkoe
3263,dgyygtgl
3264,hennovwz
3265,nvwmdnlr
3266,vjdylntq
3268,pzbulgdi
3269,lvqpmyvh
3271,alqrcqaw
3272,jlpiuxzg
3273,osiqkncm
3274,fapwzrit
3275,igtdfunj
3276,zjcolqja
3277,gkpkvmni
3278,vrmvgefa
3279,yipbhfya
3280,dpgvmzop
3281,lhbtrhxe
3282,hnrcqkke
3284,vkpfcbag
3285,sbezuuhx
3286,kdyuwfqr
3287,imrqgawp
3288,kjjwmddq
3289,zzpizsve
3290,auaratqq
3291,utowrmfh
3292,pihqoahz
3293,idnxjpqp
3294,nswapiuy
3295,lcxwexog
3297,lqurmbij
3298,bofcmvbm
3299,ksoaxlst
3300,rvbmpjsv
3301,miwdlsor
3302,dbgcycss
3303,vdsnmufc
3304,pvpnapby
3305,aewnsbjh
3306,yxrcpbbq
3307,jppkwajt
3308,uargvalp
3309,tpckfywu
3310,rotihazr
3311,swdmecbx
3312,qfjplmrn
3313,bietrtnk
3314,uwcmvwny
3315,kzdxotlz
3316,xbiojijw
3317,okkjbxln
3318,zpcecmtw
3319,pzwlntvk
3320,gxobsefq
3321,iawiumld
3322,rladadkz
3323,bkaquvgq
3324,vwwdojmh
3325,jltrmntt
3326,xwsjsbyt
3327,cecyptih
3328,hvjtdhii
3329,vpvmebbb
3330,qffisckg
3331,sgzxozqz
3332,yermerso
3333,wwpajvvi
3334,blpqbqry
3335,qumxqhou
3336,kbzvpqtr
3337,grrymhbz
3338,wxdunpbc
3339,vuesppxg
3341,tqqriiau
3342,fwaueysx
3343,xgpjkadh
3345,tymgckcg
3346,iyxgvnhs
3347,lvsivpqi
3348,wjjxflfu
3350,jbjseyvv
3351,tpxcwygw
3352,yvsmxsnp
3353,zfkpofvn
3354,aaraawot
3355,gjuipvnl
3356,gujcbtem
3357,pmltrwml
3358,chlkulsc
3359,dcgshmgb
3360,isjaldkm
3361,tlncumuj
3363,kcskfbon
3364,joorygeb
3365,jgeauzye
3367,vyslyfqi
3368,zcbcnfrx
3369,qkbmcdaf
3371,ehwprgah
3373,eafnrcsk
3374,rfkornzm
3375,tqfjbzbc
3376,slbpleib
3377,rilnkgef
3378,aqgmryrk
3379,dkhyhxzk
3380,ujcuhatr
3381,rvyvmbhz
3382,bxuxidwt
3383,dxusajaf
3384,dliawbow
3385,nezmjebp
3386,citcluxk
3388,brlnsmfe
3389,bafncfzx
3391,ovtitatp
3392,qpklpwxd
3393,qfefyakb
3394,sxisocug
3395,xdbtafbk
3396,agfewjds
3397,rlgbcxxt
3398,qcezksyp
3399,svbmvdec
3400,xncwpspd
3401,ujjmfcvl
3402,qridkqdn
3403,wvyhnzsn
3405,czexogfd
3406,ahqnhzjw
3407,sghycmed
3409,spmnvnwm
3411,bpqhrryz
3412,pfskpjwo
3413,jnxnvhuf
3414,wdqmucpc
3416,rtimbzkn
3417,jybfwskw
3418,avekpnda
3419,tmrxgjdd
3420,nodztauj
3422,lxzzzoyp
3423,clkozlbv
3424,lkrsesxp
3425,kiniykcs
3426,csrjyseb
3427,dktxcqws
3428,hzsyglrj
3429,ftkpqrvw
3430,iualuusq
3431,dqiiwsey
3432,vrftkbgr
3433,iovuhfcg
3434,gvkrffcm
3436,cvpavkpc
3437,cpjtyqga
3438,mxashtow
3439,jqqluuca
3440,tptfvhgo
3441,tjlozndk
3442,eajqytvo
3443,iqiszqqj
3444,ktxgpfgg
3445,ufqwwexd
3446,ecdjxgxt
3448,lhvqjzmn
3449,teqiebdl
3450,nzdrotwd
3451,brvhmexe
3452,ljznsour
3453,rwjopuvh
3454,yznyrvoq
3456,jlgnbpmu
3457,wlzwqjbe
3458,fzaqtwgm
3459,vxwpqcew
3460,hegvftfo
3461,ersxjpja
3462,jivkdnbd
3463,qakwjhqr
3464,njulgskz
3466,pzjztuvd
3467,mwvqkkci
3468,qwrrqvvw
3470,yziguiul
3471,kyizjfpa
3473,umcfmlki
3474,hnyhskzn
3475,hujotllg
3476,derpsyro
3478,cpqhvlpw
3479,psxotehc
3480,nbsdqkdu
3481,nfbabaxr
3483,idtkatyc
3484,gkqwotji
3485,ttrkrzir
3486,rgxeqckx
3487,fkpcvmqs
3488,ljljmgxb
3489,dvzkjphb
3490,uixnzevv
3491,yyxhgvol
3492,pedgxxpi
3493,gwoewdns
3494,jacwlork
3495,brxjbyla
3496,ympppowv
3497,ikpoqqhq
3499,hskpitqq
3500,zfjveynk
3501,qmxsyyud
3502,rivwdnio
3503,gkimutff
3504,oswwbjqv
3505,mgspmemu
3506,mlkdkjgb
3507,gmjfxobo
3508,njwbfcvg
3509,ymejzvtj
3511,kesvrlno
3512,wcmvobqq
3513,rpheogkb
3515,lufbpgvg
3516,kpylngyi
3517,vgfpajvy
3518,qiwewspc
3519,cjlvqvse
3520,xtcjyajy
3521,kuzsucfw
3522,ovhwvvjn
3523,dksmhelp
3524,xqlaigds
3525,loedqyun
3526,mqdbmdzf
3527,eujbunni
3528,yrjbwglj
3529,igsenles
3531,femxkhmd
3532,ehgmgapv
3533,upoyliul
3535,bkuqqtax
3537,xwrhuoux
3538,wgxvoxot
3539,mgbdrkfk
3540,smquywbr
3541,hxhgyhke
3543,vtswjsab
3545,zkgrqnch
3547,tcjveljy
3548,gqnebrnz
3549,rpuabugg
3551,qdrbxczd
3552,jlfmmeax
3553,adusiknj
3554,srucgwye
3555,zwpxqzzn
3556,pzistivu
3557,xagfxbhw
3558,rlnnkxal
3559,tyygcbll
3560,fdjwrsws
3561,ibhsqefp
3562,qumekbnt
3563,jluedlmd
3564,wjorrcdu
3565,clvpalgh
3566,vundftcw
3567,jxfjnwvp
3568,jljmklxd
3569,vtekhxxj
3570,qmdhmina
3571,zsdcnsuf
3572,cceyopfo
3574,hsarqlqa
3576,gtofyuky
3577,biynnuto
3578,pnzaqayl
3579,dkhomtei
3580,fxuemsew
3581,pspogkfq
3582,ubuuqyuq
3583,djymmhvl
3584,dogmuwbn
3585,mfffrywh
3586,baxtdsfm
3587,pedvogbq
3588,flenrdtj
3589,kdzwmwwh
3590,rzydcnxx
3591,kibufwhh
3592,ytzlvykm
3594,vrluflem
3595,xyjfjjxu
3596,ashnyqml
3597,abwsiwwy
3599,spswztai
3600,ssnzvnvs
3601,kxedxbzy
3602,xbygvvcb
3603,lsaihyeq
3604,wqfvecqz
3606,pijtwlnp
3607,ktumvubj
3608,pmvdcrdh
3609,xbiokcbc
3610,hzslkwky
3611,lvxyjwgz
3612,ethusyfh
3613,bddwescb
3614,amrzyzmr
3615,cuzrjhay
3616,dmteuqtb
3617,oxvmiagn
3618,zkfhuvrf
3619,pcwrzsnx
3620,wdpaxnoi
3621,ouwbtexe
3622,pmcuelep
3623,joelqvvk
3624,pmterayz
3625,ptrchxzp
3626,hxvrkkkm
3627,vooviqgy
3629,brdvzqlx
3630,xzclosor
3631,srxmvfrq
3632,skrkkuff
3633,jljvthks
3634,mabqttih
3635,tifsievc
3636,kvnorvmq
3637,klmzgvyv
3638,jhpgxxae
3640,whwwxbfo
3641,zxmujghi
3642,wxlbhbzm
3643,kubpcyhu
3644,aragcwbf
3645,simzfkjx
3646,kkqmrive
3647,zfivzmbj
3648,hopxbteh
3649,dtarvcbr
3650,jazdyust
3651,pqxdyenb
3652,szecbciz
3653,iyuvpyxe
3654,zfgxfaxq
3655,avvlyhme
3656,ltqbbgaa
3657,zmczuipt
3658,hnmvxxaq
3659,dcoodtnc
3660,yvmsxfaa
3661,fodsbjww
3662,aajjnxwl
3663,ihogoqmv
3664,jjcgwqtd
3665,rpgeqpgi
3666,ijsomjxd
3667,targlpst
3668,ifwfuvsl
3670,bdoyjurj
3671,cmtsbktj
3672,krmjmquc
3673,sgtlyegu
3674,nzouaavc
3675,kfjehtkm
3676,nbjmfsho
3677,tduvktko
3678,mluwfdyn
3679,wviqizkd
3680,pbpmfalc
3681,kvmmqsjd
3683,gratloov
3684,tmytzuxm
3685,xnodbsdh
3686,vpmcfvhv
3688,khqqloec
3689,iifubnur
3690,ntgwyadn
3691,dsauydsr
3692,tdcpchqx
3693,qqqtltuq
3694,oioymmiu
3695,xlzurnlo
3696,owbpbkhb
3697,oatbowik
3698,dnwtvlpc
3699,nqotnnte
3700,lpikaahj
3701,puyftqvb
3702,xecvgmrm
3703,evdljhpx
3704,xqzkeqnu
3706,qygucxxv
3707,xzcxtvyx
3708,ebgwbexu
3710,embpxfll
3711,jgiokjiu
3712,hqrzwxir
3714,uqmfvxzk
3715,esqyxamg
3716,efefwheh
3717,jxtimxjn
3718,ilbobuis
3719,iypvcijr
3720,zgwavxdq
3721,gnqitlxw
3722,twlerzdq
3723,vfzzpkye
3724,eypaszis
3725,opwnrxcg
3726,ffvaylur
3727,aqhvltok
3728,jpucarmd
3729,zecluyjj
3730,lrowttta
3731,ydqcweyx
3732,bloicyux
3733,krzegvcy
3734,gzcaluss
3735,fxjfowmh
3736,sybghudd
3737,duxyabah
3738,gcdjrglg
3739,jtoegrel
3740,eyyxphqw
3741,rdapvdhh
3742,kxgsgdys
3743,zmhzirlo
3744,asydezvr
3747,uesgdokl
3748,tflwjcfb
3749,vfochqfw
3750,zfqyhfnr
3751,huihlzan
3752,lstsvcuh
3753,qcttnkqb
3754,gwhznmff
3755,edjuquro
3756,sexpybhr
3757,mxzmtdmp
3758,vwjewowm
3759,aqidjrin
3760,dywyxyrx
3761,pwogzqco
3762,dqrepyed
3763,itgwifko
3764,lunlpdpp
3765,hioorhvw
3766,hngdzvcg
3767,rqsiplqs
3768,sgguqkiu
3771,dgfldyxk
3772,jwdaqwun
3773,xhyjarvy
3774,frbhlmkt
3775,wrhheiyb
3776,kfaxaklo
3777,uwoivcyq
3778,dmdhoibb
3779,feeczubm
3780,snwdxton
3781,kibgdqsx
3783,nqylktor
3784,dwkamfcz
3785,vlpsnxgz
3787,rwodcuyz
3788,tzisyptf
3790,ccoirlpz
3791,spddkdwz
3792,fbdlzkvg
3793,kgwbsmnn
3794,xrpnumih
3796,xeubdgxt
3797,uoosxltf
3799,zrcxiiaa
3800,ghvykwum
3801,xdkuqofh
3802,nfjapsfd
3806,wksnpsqd
3807,uhtzaqca
3808,uemlbpno
3809,sivyqsop
3810,sfuwhcdx
3811,lbzpkulc
3812,scwogfje
3813,vbadshcd
3814,bsfjzxqj
3815,ggnuvtcv
3816,iothurgp
3817,dqbbcpog
3818,almcmflv
3819,mkklmcui
3820,sdeofhmb
3821,mwxndgzf
3822,blbvghbf
3824,eehbyuql
3825,khymyzfg
3826,ppuxdlol
3827,hptbxtow
3828,jrqknrkg
3829,pizbwwiy
3831,acmssjaq
3832,vqrcfnmx
3833,ohxuihaw
3834,bxjwqqdg
3835,gwdniyoq
3836,kihjyypd
3837,kguiqsel
3838,rypxauae
3840,bleaijxl
3841,nqyxyavy
3842,qakoipba
3844,uikxrmdl
3845,ahncgsip
3846,njoknaeb
3848,hpuctyif
3849,fmxxvigq
3850,tqebxsdg
3852,cpgmlafb
3853,hjksijnp
3854,illveigq
3855,zmqsipqq
3856,aeqynxhv
3857,osiqudjw
3858,seazagjp
3859,atxpzazz
3860,iaqvwtmu
3861,istqrqyw
3862,zmutwktt
3863,clgxkqpl
3864,vdniifpn
3865,dfigwzuj
3866,bqadwcqr
3867,fouxwsfg
3869,cklbgdyw
3870,xzlcykmh
3871,ihliomjy
3872,nydwakdu
3873,evjdqnxq
3875,vxxmqlge
3876,khpxxlcc
3877,pkhmfxrr
3878,kxvcptxs
3879,neovwixw
3881,zhhucvuj
3882,gjfnzban
3883,pancfvly
3884,uokikgjj
3885,qjtcvwar
3887,idzxpaxa
3888,pgwuqlun
3889,yufmfcxi
3890,amfolxhn
3891,nxfffuvu
3892,rjbvhnso
3893,eoktzvwu
3894,uktriagv
3896,gsittimb
3897,ftqfmren
3898,oqelbkfj
3899,yjswaesq
3900,xqnkfdxm
3901,fgsihxxw
3902,laotgqhz
3903,aexbpcdw
3904,mqpigcrq
3905,olrkzvcb
3906,igosavkq
3907,althwetp
3908,uusxntby
3909,dqabwwyt
3910,dpqybfhl
3911,tomkuakp
3912,ydcvqiyp
3913,pdrvruxf
3914,ttrvihix
3915,nuuwxdnx
3916,eaedpmbf
3917,fmgwqljq
3919,gxqicdwg
3920,ptpiiuye
3921,ukpyxbxl
3922,dqqgodbg
3923,jwxqauoj
3924,frzoazmu
3925,rnaqkrtj
3926,ztiyqrtp
3928,dmxauroc
3929,vaxbdehp
3930,skromvbc
3931,duqcrzua
3932,pfifilnb
3933,blhbvskf
3934,hsnleeph
3935,ynxrdhel
3936,dqybtzxy
3937,mfzhswaz
3938,mdlqjsnc
3939,cbgyhkbc
3940,ljxizial
3941,eeijwhmx
3942,ntrdxgkw
3943,vtavssqg
3944,bmjhrxhy
3945,aqtpvspm
3946,usjhuubi
3947,oftunsko
3948,niduwfir
3949,nprooiss
3950,mvmglkmu
3951,sucxdfpc
3952,ckrotpci
3953,uurcqwdm
3954,fwnjxsma
3955,jqdpdqmn
3956,mdaibbtj
3957,pgjjphfp
3959,rzzqnscp
3960,juviriot
3961,hgfreeck
3962,lhgjpjci
3963,kzxtddvj
3964,ijmndydd
3965,novycyhl
3966,dieanrfb
3967,xopqduxt
3968,ionphako
3969,wqhcpepk
3970,veefikck
3971,zttmznzd
3972,sjdgerld
3973,wkliqwca
3974,doumlwqv
3976,aypcwyfi
3977,kjsbzqda
3979,wjmfzumr
3980,wcffusfs
3982,gspswari
3983,jxsktuqt
3984,xbndxjcc
3985,yhqgfqvp
3986,axnveqhv
3987,vqbthvyg
3988,vlqfylwe
3989,tkwpqxmo
3990,pmkzymwk
3992,kdasvify
3993,qekecgmy
3994,rrvkdrbs
3995,qjkcmeff
3996,fkvdccka
3997,drpyyjlf
3998,yqsdphto
3999,cqqjwvdk
4000,sjekyxpm
4001,babzdypa
4002,oigccitj
4003,vauwjywl
4004,nvhxfllm
4006,lsukubbf
4007,rsxxdicb
4008,xljtgjpj
4009,aogdsrei
4010,nilfdjkz
4011,vpzfsqix
4014,hcxraaqv
4015,qxaxcqql
4016,cdlrmmip
4017,ecukyvha
4018,uxixdaua
4019,stkwrhvx
4020,yvgiatry
4021,svyhpcus
4022,argjxjdc
4023,unztqhsd
4024,mcqswsma
4025,fehthrkc
4026,aaxzxiil
4027,jemoskfx
4028,ylokohfy
4029,cajwgahx
4031,rfursmzd
4032,qebsdanp
4033,dlphvrgr
4036,jzfixhbp
4037,ofhvaiki
4039,jlmbshpv
4040,gpwgozpr
4041,fbwzirnj
4042,wuaejhwi
4043,ibnnculy
4044,bqtrsgem
4046,ndjblqek
4047,xbshjlrd
4049,pceimngi
4050,dmzodlkc
4051,ieswmasn
4052,dtwepjue
4054,imbmdnxs
4055,suedpkor
4056,mvwksrnz
4057,ifrozhsf
4058,husslzpe
4059,vhnhsldm
4060,qyqcomtl
4061,gzdbygml
4062,cpuwdlzw
4064,dghvnjgq
4065,lvpbelqf
4066,ajigosva
4067,buowfsum
4068,tvjtvsrf
4069,cxosbtby
4070,ynuzjcaj
4071,sojfacki
4072,hhuwdkwn
4073,ctdpoayj
4074,isrsvlqa
4075,gurfwpay
4076,lereiwfl
4078,sblbtxlw
4080,thybsjmz
4081,qtfklawk
4082,vowiccjv
4083,awhijhwr
4084,rcrvvnry
4086,gwlzumip
4087,ymwfypae
4088,etnqchta
4089,jpphhbob
4090,rpdzbtfd
4091,hgjpqhen
4092,btrzsypa
4093,mfsoyivi
4094,syylbwhn
4095,bxouuncd
4096,mkseiwzf
4097,zinimwxs
4098,phjhveiq
4100,xvbysoia
4101,bdpxtfrm
4102,lxjpndqd
4103,aldvyawc
4104,xyiglqiy
4105,ykljlhbw
4106,ebtkrqqr
4107,kbtswsph
4108,wdqaitdr
4109,djegcmsz
4110,ehdgtroy
4111,nsoztoio
4112,yhgdmijf
4113,ofvzlydh
4114,wotajpld
4115,nwfcmmcv
4116,xyhlsdsf
4117,nshcbntj
4118,mdavfjcn
4119,whaazlpc
4120,dcswnwop
4121,rrockbdw
4122,lxhtbcqm
4123,sygqeqfx
4124,evzzokbo
4125,besfzabw
4126,zjklnxys
4127,erbqskxx
4129,stvelmll
4130,vuqsmzkd
4132,eralpbtg
4134,zzewrxco
4135,tujdkcil
4136,yyxpnegz
4138,xazgqgyb
4139,fqkexmzj
4140,enrwlmhi
4141,mvfizdkq
4142,gvjhjhxb
4143,zwkzmrhq
4144,hkgmaaag
4145,lswgfobd
4146,qfjyoifp
4147,xechzpty
4148,owuctexs
4149,piqxjeqt
4151,agtuqiyu
4152,suiyixyg
4153,gujwtmnr
4154,cgjtlkgj
4155,pfylkvaq
4156,yumywzlw
4157,frrzaugi
4158,ivrykjuf
4159,ouponooa
4160,rzfdbvlg
4161,gijxnjet
4162,qyamjybf
4163,pojcbxfg
4164,dnzgisav
4166,ebhwsaef
4167,vlbpnpxj
4168,yjbalaci
4169,yftivqig
4170,exluanuo
4171,fjlujusb
4172,mbcfbivu
4174,omfzjhve
4175,uhajdbas
4177,sgiddujp
4178,nbqyqrkt
4179,ggfiykqp
4180,iuoabmxq
4181,evdnzkps
4182,djkxdeoz
4183,fcqhsusd
4184,rvuyvwmd
4185,kghbqenj
4186,cgderbqz
4187,fcaaztkm
4188,xleyztjc
4189,wtkbdsoy
4190,tdtxdxpo
4191,bxlqipsz
4192,alvbxoim
4193,popazobt
4195,fuapkqrr
4197,pqqxbkhz
4198,yewvgknm
4199,hcmubtmt
4200,oibmauvr
4201,geiecqcm
4202,jxofrtcr
4203,nlxllmja
4204,yrienppb
4205,chcvjubt
4206,adohkltb
4208,dgzoxiem
4210,bqfvsyfb
4211,syrkodyc
4212,adcezifb
4213,vbdnbbse
4214,mcrfwnnh
4215,igzuutqu
4216,fiiyonhb
4217,odbgkqsv
4218,bhtalzon
4219,qnxixwgc
4220,pbimryaj
4221,lfddlreb
4222,yczprpfo
4223,zphepxlr
4224,zsowhpfk
4225,zxeoicfa
4226,ijjaiucy
4228,ptisuzsz
4229,yeezfmme
4230,dxbwkmtx
4232,ywgrvrky
4233,utfrpusm
4234,kpeqgazx
4235,rpnrwuek
4236,nnhzksys
4237,ofapinsh
4238,oxyrzaxl
4239,gkyeculi
4240,qbdftqdh
4241,aemkvkkz
4242,xsiploib
4243,yangmghf
4244,zporhpio
4245,hoqezpwm
4246,qxhxccum
4247,wiygpamp
4249,ecfqzvfv
4250,ayqsibih
4252,efyjwuur
4253,httlgsmp
4254,xiintfld
4255,nicfhmts
4256,tbykminf
4257,pwwwmepc
4258,ulghmmzt
4259,cjalervq
4260,ivrhhyiv
4261,iotzugfi
4262,zgijyebc
4263,bwwtjfgr
4265,fekngrii
4266,otxzxdme
4267,jkxiyxrd
4268,juyncndp
4270,vcmfolvi
4271,xjqthpkq
4272,wfptiyxq
4273,ojwvpvax
4274,nuzllvyj
4275,qcpjbnvr
4276,zzzavqos
4277,xqociezq
4278,xbhlcrvw
4281,gzphgxtv
4282,ilbcwmio
4283,ihnivxno
4285,mdzbhafi
4288,opsgpqfo
4289,codryppc
4290,gbllfsha
4291,nojckgws
4293,fwgfnrcr
4294,gwrdilxc
4295,goorkowt
4296,tibtiwmh
4297,dilgisae
4299,ldaasyxg
4300,wrgfvuxu
4301,idtovpiy
4302,htoyewzu
4303,znqsxftc
4304,dqvmlhmk
4305,amngbpyj
4306,macimwbr
4307,hwrciomy
4308,wjwefier
4309,ifiwozeu
4310,vmqqwisp
4311,vzoxxmjn
4312,skciyujd
4313,nvjdafen
4314,vzjvaeqq
4315,qonpkwyg
4317,yxsxjgqj
4318,ovxchzfl
4319,lnjcjxsk
4320,zaxnxsdi
4321,usrsrdox
4322,iwuiobja
4323,lzpwrmnu
4325,zctosbde
4326,wejmfeeo
4327,oewrugdo
4328,srcfgodg
4329,apueenow
4330,lcognpwn
4331,moyxtljd
4332,nenszhex
4333,lmpwwuub
4334,qacqdupd
4335,leazgwbg
4336,zatwuven
4337,nxkuyxpu
4339,fpaqnrjg
4340,pybdshtd
4341,kslzqqrk
4342,udzszeqm
4343,bsaekhto
4346,mbdlkduj
4347,adcnuajq
4348,cgpuvsbl
4349,gviewett
4350,rfxdhkgk
4351,hykxecss
4352,ehwugjbj
4353,tssncafr
4354,ecfmugvx
4355,pnlwpxyr
4356,idvstqro
4358,rzlkjeec
4359,ifbgycsx
4360,qfbrxgcm
4361,fovyiadu
4362,yhusrbdv
4363,ixwxmjch
4365,erlabwvs
4366,fcvethpm
4368,aaznjdms
4369,rjqwrzsw
4370,rvpnpssq
4371,xmuduasg
4372,vxxnjjgj
4373,hbgteyva
4374,socypdii
4375,tyyulexs
4376,cogegras
4377,tsvdzluo
4378,fracgokl
4379,krolhjkq
4380,ptdywbcc
4381,dmznfutn
4382,aiqlfmvq
4385,nilnfeef
4386,djmczgim
4387,dcrnujci
4388,pavknwpc
4389,qzxjmesy
4390,hufjmudu
4391,uccngmhz
4392,smarxdkj
4393,mwzpjaqf
4394,tykqgzkj
4395,gqimazgl
4396,nrplplwf
4397,jjweqonk
4398,uipccwhe
4399,dpezcjfg
4400,gwzcpevo
4401,zownxnpf
4403,njxlmvmt
4404,txldigwi
4405,qizxonnx
4406,yokymlqj
4407,inwjmobu
4408,nhuismso
4409,myonkocz
4410,jaqrrlqp
4411,ptfyrwpy
4413,rrgjvldh
4414,hhwtqifc
4415,cbycfsxd
4416,tdmqzoge
4417,rgsawiao
4418,tdmxmdzs
4419,ukwkwmsz
4420,dybafojx
4421,iqswlkdd
4422,bvcthsqp
4423,eqcbztht
4424,jbsradnj
4425,fensgnyb
4426,czipttuk
4428,xvskoftq
4429,ecsgfnzv
4430,stptgkbr
4432,wkxynxxr
4433,qnsymmjn
4434,cjobkvns
4435,ucdrcewu
4436,qnkmgezf
4437,btmlheuw
4438,pzomzsdw
4439,pgqqomqg
4440,axejelet
4441,iyicgnwb
4442,xpzdqioy
4443,rjqtfgvy
4444,aiyljgse
4445,oatppvbb
4448,wmhlywgj
4449,oknjoftt
4450,crjpvman
4451,sopuoetv
4452,gfkagsxg
4453,oigdtwft
4454,moommxoz
4456,zsdbtzny
4457,kkglnsas
4458,cjhtqyyd
4459,povrqxen
4460,ysqlycyh
4461,vhvzzxdw
4462,howicioo
4463,advpejqj
4464,sdjbjxtw
4465,tqxuzfsy
4466,aecfecgg
4467,ogzqjcnv
4468,damdgvzz
4469,afztzlms
4470,usqgurlc
4473,vgmhwcme
4475,ntdsvoza
4476,dkldrffe
4477,tlsrmjzp
4478,ywbarpbg
4480,jughawyw
4481,hubwpvuo
4482,zautylju
4483,lkvyegjx
4484,bjjpfmkh
4485,atkkewrp
4486,oevrltsv
4487,tbstwdfm
4488,ijubfdue
4489,strtuiay
4490,ogwobuwd
4492,yuvbfzhp
4493,lbdmdtju
4494,euogkdje
4495,gdkrtkzk
4496,egvfelsy
4497,bjdiaozh
4498,eopqbodn
4499,pverufdm
4500,yucsxrni
4501,xsorihjp
4503,sxigzbxs
4506,wssmxyno
4507,rrtdprqo
4508,ggxpcigj
4509,hfgelayp
4510,ilkobvwy
4511,pezgvwbp
4512,ilepvlxv
4513,xsndpkzr
4514,fbkojmzr
4516,xuoxdjaa
4517,rsbcmfyu
4520,mpenotfs
4523,vubahjan
4524,tnebvxgy
4525,mppnshvs
4526,humjkcxv
4527,atfdbntn
4529,lyinvdwz
4530,tfxpzayy
4531,oaxeosff
4532,ztmrazqn
4533,gmptwfth
4534,koaapnpm
4535,ytmjnkll
4536,mkmyoapq
4537,fbtoptlc
4538,lsimghmp
4539,brutjhod
4541,dskssukz
4542,mpznvmao
4543,excsllmm
4544,yheyfbtw
4545,tcmjkmgk
4546,eesessbg
4547,miclrfgd
4548,thcuvear
4549,alrslevt
4550,fkdstlxp
4551,mofwqmro
4552,rvpinnsu
4553,gscpgukx
4555,cxdwmygx
4556,tmwftcze
4557,smjdpkhd
4558,ejdkjewp
4559,psfgqnap
4560,akiviwhx
4561,qotexwdg
4562,gsebgsfy
4563,esqvyiva
4564,mmftiooa
4565,kqwcfkft
4566,odgkbqvl
4567,dlnjrnaa
4568,bhnqcrpm
4569,actwllxm
4570,sblcbtwv
4571,bibawomw
4572,usrbzxoq
4573,devajucb
4574,nzqsgbbr
4576,uydtudbi
4577,qeddrmza
4578,xarpcxkd
4579,bvfmdtqm
4580,jxlouszy
4581,cxybiaqr
4582,bujewucm
4584,avhdvcvd
4586,mhzivgez
4587,qdyluudj
4588,gqvutepc
4589,srbrdjim
4590,bqbtiuqh
4591,obqvqrle
4592,tsuqtnnf
4594,wbvshtaw
4595,qagdgyro
4596,aoswrqpo
4597,xgidjnll
4598,mzzfloaj
4599,nywnhtur
4600,wlwcidmt
4601,vfvnjdkj
4602,idpjrxvr
4603,iishwznk
4604,gffkfnfb
4605,cziqbjwb
4607,mdjxnfia
4608,fplaiwyr
4609,fdkrgjsk
4610,wufpbalq
4611,kkhrzooq
4612,ybmhueyz
4613,lhnckfub
4614,oaycugso
4615,fuvkahzu
4616,umcukbdj
4618,ekneqwxu
4619,pvztwuze
4620,qqktmotn
4621,ngtzuewn
4622,xlzddbpv
4623,mgabkpfn
4627,tpzcioya
4628,zwalrstw
4629,iyyigycc
4630,bqbjgudt
4632,trheqbwr
4633,niqhyatl
4634,yumhjffv
4635,fkbapyay
4636,bbmjacgd
4638,ovsvnhiq
4639,gmieavpa
4640,iwskjrdy
4641,efslicjs
4642,usjwrlqi
4643,xrxbmxxs
4644,kwzwtljl
4646,ngcydile
4647,zjhfptsc
4648,tzlireyb
4649,kwmyease
4650,vtkjwwlc
4651,elqnxldg
4652,kfwbnjih
4653,xiewkaao
4654,jiumlzgz
4655,ktqridsw
4656,kbezpqbp
4658,bqnstpla
4659,mqskbrrd
4660,ropalcfs
4662,emmwchog
4663,uitthhyi
4664,qlwaebah
4665,kpwebcdb
4666,hnkgqsii
4667,gmomjzzf
4668,dfhkhnee
4669,pjaqfztz
4670,idqaaoyc
4671,xgqkuwjm
4672,rsujlkmx
4673,eneefhws
4674,egiauwdp
4675,xwiubwvr
4676,kskcjmxq
4677,xcgcyxif
4679,hrgnahas
4680,vqbkwwiv
4681,icyfsdsp
4683,blabgxni
4684,bmhaehbw
4685,fpprfycy
4686,pprtfrvn
4687,cjpavhzv
4688,tjuuwcak
4690,kcebhuwr
4691,yrkrnruy
4692,sggesapp
4693,lmvebyta
4694,buiywauu
4695,ndnzghqo
4696,zycxtkxn
4698,gzwydbqb
4700,txfsukxu
4701,glzorljj
4702,fuxwslfu
4703,jlhfpiwi
4704,zqtzbmov
4705,wpeswzxn
4706,hoglcgec
4708,dumykqjf
4709,hsmgipkc
4710,vzogujnn
4711,zgvexjdf
4712,zstfzspz
4713,dmxunlcv
4714,ogckaawh
4715,redxgxcu
4716,smktzbby
4717,xdjogrjq
4718,thbbawzs
4719,nkfytmpo
4720,kyoqwdbn
4721,ojuheqij
4722,pabzfulh
4723,bdezgnmt
4724,leagirar
4725,ehvdzvgt
4726,tsqdvykf
4729,yyxwfmov
4730,gvjuilaa
4731,repevjuo
4732,vitqlmop
4733,qpmdhxzy
4735,jrbcgqqc
4736,ngcneuzk
4737,gkgowvny
4738,qkqviqkk
4740,zepuwkij
4741,jmsehqdk
4742,ctrvuvjx
4743,nqkqsryj
4744,vbtxcsxu
4746,xgenjyvv
4749,tjmxvqlx
4750,ggpufkss
4751,dzvpkzyg
4752,lpwqiwwx
4753,xzofugxp
4755,fhnwrznz
4756,samajuhb
4757,ofvquwbx
4758,wccruyzr
4759,ybeecjvk
4760,exqjkkls
4761,zlhwteis
4762,gncftncx
4763,bnfsaxht
4764,ctavvefv
4765,pjzmacbx
4766,clqbkauw
4767,rmznntqi
4769,dezuvods
4770,lcovyanl
4771,yujsqdgl
4772,tfihvcec
4773,dlosdtol
4774,ivfdnpry
4775,mqoqneyk
4776,dndeduuo
4777,jegntzkb
4778,sbhhiqnw
4779,mqbqnmzu
4780,rscxkvyk
4782,kanaiwph
4783,arhjxcth
4785,pnvbltkk
4786,pnippntj
4787,fyibotmc
4788,pfvjmzhi
4789,azsecrio
4792,vocqpdhs
4793,dbpsrgox
4794,esemyivg
4795,iifwppmp
4796,zdbxqeql
4798,jijbeesi
4799,dglvzlpq
4801,zexwvhql
4802,bxwfsfbf
4803,qegnufsu
4806,uyhnvosz
4807,iqxujywj
4808,qvdlwvto
4809,jkgcvprx
4810,xykyzpar
4811,zcozdcnh
4812,tqmjfztv
4813,yxdfyrlx
4814,qofcbbhp
4815,svvtzjuq
4816,sbydbzmv
4817,pcpqwocf
4818,othbssbh
4819,pmhtluvz
4820,lamxhrrn
4821,jkbdnwsp
4822,uiorcczb
4823,jmjkjlld
4824,mvxntcgp
4825,hcrvtuiv
4826,kkdwktnz
4827,ppaqhitl
4828,eigzugii
4829,xlvcfdys
4830,rtvtmqgd
4831,mhylppmv
4832,xgbvkeoj
4833,qwztwlxq
4834,vfbmirry
4835,pawfgpbf
4836,fiuenveo
4837,ppqscxnz
4838,fxgobwmk
4839,ohlfqfkg
4840,cljcldls
4841,rswanzfu
4842,ovtvrlpr
4843,onhilnos
4844,wdfofhiu
4845,qcxdmvek
4846,zilefzen
4847,uhafqucy
4848,zkraxqlu
4849,ycvuxcps
4850,gmvbefhd
4851,aorjyvba
4852,sskelqnc
4853,qhpoqnxd
4854,sigrviua
4856,szvyvnvb
4857,uxcrywqa
4858,heykhnrv
4859,seyzikpg
4860,uljlkqtf
4861,hhoenexc
4862,potmweei
4863,jtnhzxuf
4864,rcgtdtbc
4866,fvuazgpd
4867,wwsdrhpp
4868,wnkupyqe
4869,kqmfilsn
4870,wwszsyqp
4871,nkxebgoc
4872,okosktpy
4873,vhvgsgdk
4875,kqvdjshg
4876,hvwsaawn
4877,lnzlczmo
4878,aznxlxbf
4879,dnpubwhx
4880,ybprsqie
4882,wwrlcglk
4883,dygphcdh
4885,llmxmaoi
4886,zchvhvcu
4887,dollwrdj
4888,njocmjih
4889,frdqafts
4890,okysstpe
4891,xogilnlk
4892,riabjjzb
4893,wyhmibqh
4894,vnvotujw
4895,gacthrpg
4897,dolfhzwb
4898,jhpmpase
4899,erhebmct
4900,rdfsrlcx
4901,efydvhxg
4902,zaqsdgfe
4903,gcnwvqve
4904,xlzldtgx
4905,gsarzndn
4906,asekauru
4907,qjooosdr
4908,ukfzujid
4911,jxomrial
4912,guttkjde
4913,twjenqed
4914,rfcmuknz
4915,rcgopbcl
4916,qkdqtvly
4917,ytpggjhf
4919,wpknydsc
4920,gdzulace
4921,nrehkubo
4922,mzeofjip
4923,rawyoetv
4924,vugpdvxy
4925,zitmzexd
4926,yswfmsda
4927,sdxywhwm
4928,iffsypbr
4929,bpbqcalz
4930,fyzmdkht
4931,kuvfnoht
4932,innmmoms
4933,lnuqtvqs
4934,gwdffhic
4936,gnghuqgi
4937,qmbzembs
4938,rsmnxalb
4939,olacaodd
4940,ikgwnrxt
4944,snmcjgbk
4945,cahwengc
4946,bkbcwsdw
4948,pstoeouf
4949,wjjxwieo
4950,pvmkkgvm
4951,yyzpqvwu
4952,oqaemxfg
4953,realbwnv
4954,mdfbvgbb
4955,aefuhanw
4956,dobumvmv
4957,oeaacpdc
4958,ddlfnrxc
4959,oijpgqqc
4960,shsqqcib
4961,ylkgmyny
4962,tvdesheg
4963,ffjxsenr
4964,rlaxispw
4966,rhftnjrq
4967,liwnddby
4968,yfhcjoqb
4969,eqslgrvd
4970,didmxsfk
4971,wehvegri
4973,udforhji
4975,xlbqgdsk
4976,gcsswsin
4977,hikoyxev
4978,usvzpwww
4979,bvktfwep
4980,cxdfojfu
4981,qjmlhbdp
4983,ubcmywrb
4984,vahubcol
4985,hvqkyjfv
4986,tkraweaa
4987,pioxshrv
4988,havtrfcd
4989,iqyiovnm
4990,sntivmfu
4991,ilcqazyi
4992,jolyrnqe
4993,jhsejjsr
4994,xmlhdhmu
4996,xegwurmh
4997,thpvdntt
4998,qqcraijn
5000,chgsdzzz
5001,vfpnhdsw
5002,tmhdodwa
5003,axmtjwpn
5004,vdumxvyd
5005,fyfxdhyy
5006,uiyhvzfm
5008,oabgbitd
5009,gvdwvlql
5011,rinksfdi
5012,wbpijcmy
5013,wutvppvf
5014,hgdsppnb
5015,ocbmjsxc
5016,khlfoaci
5018,hlmeakrr
5019,klgruemh
5020,oaicjojr
5021,bbbbqpan
5022,ztombuoq
5023,mjyezvml
5024,qfwqxauo
5025,qiqpzbtr
5026,dqqsvmli
5027,bopycust
5028,zvxepanw
5030,vyoctaid
5031,aoiemnkr
5032,empojzel
5033,gzkcyvbb
5034,vjekfjjt
5035,vyozlrtl
5037,qqzfuihp
5038,uhjnxavo
5039,sauzjygc
5040,zybfnhok
5041,tpeeoerr
5042,eoeunytc
5043,goaixvrs
5045,bvwkucwo
5046,nbygetsg
5048,gqzpmmkh
5049,ybutixns
5050,zkciolmr
5051,ieqqgwlb
5052,anzdrkix
5053,lvgbpooh
5054,zeyqrpmv
5055,wlptjnzf
5057,cuzxstws
5058,hvekpqic
5059,gpwbnajb
5060,aozinyca
5061,fpstcyos
5062,mxxirirl
5063,qiijwbzk
5064,bxqbpuzo
5065,bdgrjvko
5066,gxhngoqf
5067,dzbzhkwq
5068,kjcrdzhs
5069,isfovwtr
5070,zidsgmst
5071,wwwzlkfu
5072,dwkpprtb
5075,nolegzxi
5076,wtpfvsxd
5077,kyzolnss
5078,nkdylckm
5079,jntpfqhe
5081,cdkblbxp
5082,spcdvaye
5083,pldguscy
5084,hwjjetgb
5085,nmvuvnzl
5087,xgzztfyk
5088,uykkalzu
5089,bfgvhjfs
5090,hcyevvxs
5091,uefqaeey
5092,tlluijgs
5093,hgrpnphm
5094,jcvmxvrl
5095,fgaxghnf
5096,lvfceczj
5097,pocmfpuy
5098,dzckracu
5099,zovkxopc
5100,pnuglbdx
5102,plfkdgdr
5103,cdzeymsl
5104,ospzeyrr
5106,zkcgyeim
5107,scmwqeat
5108,zdwfztei
5109,qdclolut
5110,dufozmrk
5111,qiqlifss
5112,sgtlnijs
5113,xbjeshro
5114,auzzkxhm
5115,pmueabhg
5116,alqfvemk
5117,injjwyjk
5118,uolmxzaj
5119,xczlzstn
5120,otaajjew
5121,pokrtjhh
5122,fblifmks
5123,meimanse
5124,gdforlgi
5125,raxkymwo
5126,ygpbqjuz
5127,auppzzku
5128,nthhomvs
5129,xrkashwz
5130,gmwdjocr
5131,biueudep
5132,dzmkfnlo
5133,kfnazfnc
5135,ykrqluzu
5136,jzkaltrt
5138,pfglxozd
5139,zxkgekqt
5140,iaqztrqy
5142,lwwyuldh
5143,ixzbwdsy
5144,wmqwfhdj
5145,jkzzpgvm
5146,tqjizojs
5147,zldsfjbz
5148,bduuuysz
5149,sxwfcwmm
5150,eoqcihft
5151,rlildnua
5152,hevufdsk
5153,stggngkz
5154,xdmrxdfy
5155,pmwwoxzx
5158,znvufgvy
5159,akqieyuy
5161,qndhhjbh
5162,kziufwgd
5163,rclccplz
5164,jzlvbyap
5165,idgkzdkh
5166,qeosbokv
5167,ktuxhwsw
5168,zlmdcgtx
5169,ihjbqncq
5170,pjarptfs
5171,hqaoazha
5172,rwguotcq
5173,rcyfpiie
5174,cydtqmax
5176,yiulxywo
5177,wpowqfga
5178,fatxdxan
5179,tnhlnrac
5180,kdedbeam
5181,jdflekdx
5182,zrbszhaj
5184,wfmkggrv
5185,gudizihf
5186,qwketdnv
5187,dumyuxug
5188,cqhmrsek
5189,pcvrfaqv
5190,fvtivcse
5191,qemlokwl
5192,gyngxonx
5194,xzoehhnd
5195,yojmroum
5196,malmgctm
5197,kkdosysy
5198,tkkklolw
5199,gltqygno
5200,vkmmavag
5202,qpxbnibv
5203,hzkczmcp
5204,yphtdhny
5205,fpwauuem
5206,mtyqktzk
5207,tciswwzh
5208,bdwzeflp
5209,reyqwtuz
5210,okeevzwz
5211,ywsorbhk
5212,qobeelkc
5213,hmrserst
5214,srffxfpi
5215,mardprlk
5217,gqtylolg
5218,tbeslufp
5219,lzkbudjs
5220,vpycacxm
5222,kmprcwdt
5224,ndfsykst
5225,weajbmnq
5226,kisuynyo
5227,erdimjqe
5228,hbxkrord
5229,bwavuzyt
5230,gbnapwet
5231,melsedqy
5232,denwuhsj
5234,fcrjcrjq
5235,tbjjscal
5236,xumuwbqn
5237,pjchwyuy
5238,qukycmfq
5239,bgoroeip
5240,nfhixvlx
5241,eaemsrpy
5242,enfhpmsm
5243,zrakwilh
5244,iaemdegd
5245,zqwglrdl
5246,bgkaluxr
5247,aavufumi
5248,nsmuuctc
5249,bjhptxzy
5250,irpjmvqb
5251,gqycpdvy
5252,pbcouoao
5253,wqeineib
5254,ozmrpmul
5256,tvjevdcw
5257,dfdwfdwz
5258,lznfzzen
5259,frkdjwxs
5260,wnnxigtn
5261,najwfmxu
5262,akzlanem
5263,jygtmxxm
5264,vjzvqtyx
5265,zontsamr
5266,psfdnyjd
5267,tfdufoyj
5268,pnrstivi
5269,vzprwwsd
5270,zisazlja
5271,kvyylqge
5272,vdurwpih
5273,nyrcuvna
5274,pawynfow
5275,unlniwfx
5276,tagogrpm
5277,jblfyxnv
5278,pefwzolj
5279,ezzxaxtp
5280,nlkshjum
5281,mageqapi
5282,tuizxexa
5283,iscpmqdd
5284,vlwhzasu
5285,qzkbewde
5286,otbaaarp
5287,hxkblivi
5288,fnybysye
5289,eqjmxwpt
5290,vxrayvle
5291,gnqerovw
5292,exogrimm
5293,tjnxbvgr
5294,whxgsvar
5295,nveqomsy
5296,ltnksubo
5297,drazfiwz
5298,myquwggx
5299,aoircllw
5301,vjyumklr
5302,yxvetaof
5303,hbvmcukx
5304,uoohefqx
5305,nuhdxbkw
5306,lucfxjru
5308,bcmfazqh
5310,vqwdtxdz
5311,lnrcismw
5312,wcqxovkc
5313,xvpmivtp
5314,owugaiih
5315,qisyxzws
5316,johjqzbi
5317,pizocypf
5318,jaytqyhx
5319,opgpgzga
5320,jllqxdue
5321,bwvrazou
5322,vfcqpwmb
5323,ghgmahzy
5324,gvnfvtpe
5325,vldhiunw
5326,gjyxcren
5327,bvhbgrzi
5328,idxfvxad
5331,ywcrtmxl
5332,mhdgpale
5333,xrigdetf
5334,yfyjuwcy
5335,anwikflr
5336,udmefzvi
5337,vqojnuds
5339,doegipbu
5341,kbakscfi
5342,qiztudsc
5343,nnxkfosu
5344,ntsgwlqu
5345,hfnxmxkr
5346,ovooonbz
5347,gggnvzef
5348,ltlwqaib
5349,zjftledy
5350,ukftxmua
5351,pvtmxwzm
5352,qcdtoqsj
5354,ntncmeml
5355,lcelhawr
5356,clijngeg
5357,avsagecm
5358,nsjmflag
5359,xtcdqgur
5360,hkyqjmoa
5361,xcqxstvw
5362,bnpbxwiw
5363,gsaioixq
5364,mqwlcfen
5365,hrzelbhz
5367,tasryvtc
5368,ntuwqahx
5369,vvuvwqto
5370,sgengtuj
5371,xkziknnw
5372,azpinjdx
5373,swpkvbeo
5374,itgwkycg
5375,ssngsosd
5376,iwhfoava
5377,hibgthwh
5378,wihygamp
5379,jawvzpra
5380,sjlcilyd
5381,zshyfyqy
5382,hnvsubcs
5383,afflztku
5385,tzbyrrrl
5386,jmrjipbe
5387,zaazztml
5388,obhcmxya
5389,ahkgvslf
5391,ihnmoyol
5392,nyidunrx
5393,xhcggrih
5394,fugaaaba
5395,gyqeiwph
5396,esgwchwn
5399,fxdaczwn
5400,ioymctxc
5401,xwdespug
5402,dzncwlgc
5403,uuiznmwm
5404,nvnhxsfx
5405,vjoviwjq
5406,fvhgzcaz
5407,ecxpvwcl
5408,xmxseqqw
5409,ubsuxssy
5410,jawnmshd
5411,xrcddbcw
5412,nmekpray
5413,bjiubprn
5414,wvqeqlvb
5416,exuthqxj
5417,rggnjhib
5418,bejjnhsg
5419,mzzbttlb
5420,ljlevbpj
5421,nwytdocf
5422,ytgovkgt
5423,lyuazfxy
5424,czkoeeum
5425,yrwzpvha
5426,pwxxjjok
5427,iojrnlsu
5428,miqhvbdg
5429,eothesjz
5430,sbizwxiq
5431,eszmhhym
5432,tkjllcgp
5433,khbeojsr
5434,ruminnut
5435,ookbrdat
5436,asjjbnob
5437,azbzddip
5439,xyiucqny
5440,macijrat
5441,xgjipsdw
5442,qqyuurym
5443,rwwckfbw
5444,iapotjkx
5445,ksdjxclg
5446,lesrvtmm
5447,uuxsvmqo
5448,muybighp
5450,pjfgryhw
5451,pydagubo
5452,sacclfsh
5453,qdueuyyi
5454,tbhpviuy
5455,cewmeqqf
5456,khqeuftp
5457,jxciyvve
5458,vykcyiop
5459,gfqbdwhw
5460,cxvmppae
5461,lorsjkdq
5462,fandoige
5463,rednoazt
5464,iqqzbraz
5465,fdfiohhh
5466,knrvnatl
5468,skkimynj
5469,phwzutpu
5470,jyesxjac
5471,zkzxmker
5472,thuqxbhd
5473,zrgibwlz
5475,ciisduyh
5476,rfttxzcb
5477,zkgwokgg
5478,onoqvugq
5479,hjwenomo
5480,rrmtyfxn
5481,orytajvm
5482,fhvuvdxp
5483,zzhwypbf
5484,wmyqysgu
5485,ytuarwfz
5486,taklzezp
5487,kpuuvxdc
5488,pxjricks
5490,hevzmiwa
5491,rrvwmvku
5492,fotpgdyi
5493,qxycrmwp
5494,wiyudoef
5495,rkqgftrl
5496,mlrvjenw
5497,vewcoymq
5498,zlyabgyo
5499,ucvfdjjr
5500,kueeedle
5501,mgmqbgjs
5502,xqokfbmj
5504,jwfqtpbv
5505,anwqjgwn
5506,qbaqsfrk
5507,fxjekyss
5508,ixirjbwx
5509,pjriazip
5510,nirexfcf
5511,frmbwhsh
5512,jyusjnzi
5513,rommzqxv
5514,fduepfos
5516,tmzyrllc
5517,jweymmge
5519,nxxeykes
5520,bfqgawcz
5521,ldeqbuvk
5523,giehrokk
5524,iznakvwh
5525,mpxonset
5526,hoykpddf
5528,ziodtowg
5530,wnfnbqjm
5532,wcjloazl
5533,frrtkerj
5534,rtmcblna
5535,zsezjtiy
5536,zhwgwnpj
5537,cmdlmoca
5538,wulcgycw
5539,ozewnxgj
5540,sckelxtm
5541,njbhpyho
5542,eiwwlmmz
5543,ngadptlb
5544,wwcerdji
5545,yigtgcoo
5546,dmectaiv
5547,bpoezaxu
5549,pjeqzque
5550,tdnlzxkv
5551,dxagpraw
5552,xgnqqfok
5553,kzhovoit
5554,fychrvmd
5555,nksllzby
5556,qzmnvpxb
5557,fhtzrlqg
5558,agdpruta
5559,druwrmnm
5560,uecurole
5561,ltqmftor
5562,choxfigz
5563,prsicvyz
5564,sglnhfdo
5566,vwcjiore
5567,eyjoiysf
5568,slppbkjk
5569,fstoncau
5570,wzyfdcqw
5571,ztqkhlqp
5572,kjjvituq
5573,aoxjgicd
5574,cqykjeyl
5575,ztpqnbco
5576,eofealkr
5577,ihoxunwc
5578,vlgvmsan
5579,uspfntzc
5580,tgrybprn
5581,sboucype
5582,atwfzmwn
5583,qspwcrfx
5584,wzzasuol
5585,kxcxeqvn
5586,ifpbgkcb
5587,scbobzuv
5588,hphpxbbz
5589,netdpxbi
5590,kofbdvob
5592,ipypqqxm
5593,itykvume
5594,gnykddqw
5595,wkdkufeu
5597,whimnmoc
5598,zrzveoav
5600,lxfnngkh
5601,obmcidxb
5602,hjqmnksi
5604,dwezgmnn
5605,ugbqxyrj
5606,ooezqwfw
5607,cchpokho
5608,zzfxsrom
5609,nktglyzq
5610,hmcbgwau
5611,kzafrzka
5612,zeioomng
5613,wiiofqtq
5614,gwhnylef
5615,oocwgdvf
5616,urhgwhrv
5617,awseopdq
5618,isdrmysj
5619,blbrerxy
5620,atazkhyk
5621,hhcymsqh
5622,lhljzmaa
5623,zohebgtn
5625,gldxuwih
5626,zfrrbuwx
5627,humdqyqa
5628,ayddygzq
5629,jwagczlq
5630,yttcnlxh
5631,uibdliyg
5632,tgcopuiz
5633,oqsrpqcx
5634,kjwemyei
5636,lfadbxxe
5637,hhrisrmq
5638,hhmbeefb
5639,bonznjww
5640,mjuojeio
5641,owdyfctc
5642,nwlvyayb
5643,epptfxpl
5644,oythtstm
